IMEI 1,Product Model,Distributor
866194067230239,OPPO A78 5G (8+128GB),Jai Ambey Communication ! GREATER NOIDA
860150064164512,OPPO A17K (3+64GB),Hardika Enterprises Private Limited
860150063232831,OPPO A17K (3+64GB),TOMAR ELECTRONICS ! GREATER NOIDA
862611061203676,OPPO A17 (4+64GB),S.M TRADER (KASNA) ! GREATER NOIDA
862611062217196,OPPO A17 (4+64GB),TOMAR ELECTRONICS ! GREATER NOIDA
864397064266617,OPPO A57 (4+64GB),Royal mobile house and electronics ! GREATER NOIDA
867443062256072,OPPO A77 (4+128GB),Noor Communication ! GREATER NOIDA
863461060589215,OPPO A77s (8+128GB),S N COMMUNICATION (HALDONI) ! GREATER NOIDA
864904061306955,OPPO F21s Pro 5G (8+128GB),SANCHAR BHAWAN (GREATER NOIDA) ! GREATER NOIDA
863461060590999,OPPO A77s (8+128GB),Jai Ambey Communication ! GREATER NOIDA
867426064725053,OPPO Reno8 T 5G (8+128GB),Anupam telecom ! GREATER NOIDA
867426064654832,OPPO Reno8 T 5G (8+128GB),S.M TRADER (KASNA) ! GREATER NOIDA
866194067924310,OPPO A78 5G (8+128GB),Tanish Telecom(Surajpur) ! GREATER NOIDA
862047064248477,OPPO A17 (4+64GB),POOJA COMMUNICATION (G.NOIDA) ! GREATER NOIDA
862611060556314,OPPO A17 (4+64GB),S.M TRADER (KASNA) ! GREATER NOIDA
862498068837338,OPPO A17 (4+64GB),OM COMMUNICATION ! GREATER NOIDA
862498061872613,OPPO A17 (4+64GB),SHIV SHAKTI ELECTRONICS ! GREATER NOIDA
864397064629350,OPPO A57 (4+64GB),S.M TRADER (KASNA) ! GREATER NOIDA
862498068846438,OPPO A17 (4+64GB),Royal mobile house and electronics ! GREATER NOIDA
860150064895396,OPPO A17K (3+64GB),Noor Communication ! GREATER NOIDA
862498066858575,OPPO A17 (4+64GB),Noble Mobile Shope ! GREATER NOIDA
862498066185052,OPPO A17 (4+64GB),VISHAL MOBILE HOUSE ! GREATER NOIDA
864397064964393,OPPO A57 (4+64GB),S N COMMUNICATION (HALDONI) ! GREATER NOIDA
862498069823774,OPPO A17 (4+64GB),VISHAL MOBILE HOUSE ! GREATER NOIDA
862611060669638,OPPO A17 (4+64GB),SANCHAR BHAWAN (GREATER NOIDA) ! GREATER NOIDA
864397065197498,OPPO A57 (4+64GB),KGAD MOBIWORLD ! GREATER NOIDA
864397066467593,OPPO A57 (4+64GB),KGAD MOBIWORLD ! GREATER NOIDA
867426064653834,OPPO Reno8 T 5G (8+128GB),KGAD MOBIWORLD ! GREATER NOIDA
866194067983779,OPPO A78 5G (8+128GB),KGAD MOBIWORLD ! GREATER NOIDA
866194067983811,OPPO A78 5G (8+128GB),KASHISH COMMUNICATION ! GREATER NOIDA
866194067924278,OPPO A78 5G (8+128GB),KGAD MOBIWORLD ! GREATER NOIDA
863581060264798,OPPO A57 (4+64GB),Dev Communication (AICHER) ! GREATER NOIDA
861111052780379,OPPO A16K & E (4+64GB),NEW UNIVERSAL OFFICE SYSTEM ! GREATER NOIDA
863581067940978,OPPO A57 (4+64GB),Royal mobile house and electronics ! GREATER NOIDA
863461060959335,OPPO A77s (8+128GB),PRIYANKA MOBILE WORLD (HALDONI) ! GREATER NOIDA
866194067924013,OPPO A78 5G (8+128GB),Balaji Traders/Greater Noida ! GREATER NOIDA
864397064464212,OPPO A57 (4+64GB),Balaji Traders/Greater Noida ! GREATER NOIDA
867443061513630,OPPO A77 (4+128GB),Noor Communication ! GREATER NOIDA
867443062882893,OPPO A77 (4+128GB),S N COMMUNICATION (HALDONI) ! GREATER NOIDA
864397065405214,OPPO A57 (4+64GB),Jai Ambey Communication ! GREATER NOIDA
867426064401937,OPPO Reno8 T 5G (8+128GB),KRISHNA TELECOM (GN) ! GREATER NOIDA
864397064266575,OPPO A57 (4+64GB),S N COMMUNICATION (HALDONI) ! GREATER NOIDA
862498069783176,OPPO A17 (4+64GB),Noor Communication ! GREATER NOIDA
864397065442431,OPPO A57 (4+64GB),Noor Communication ! GREATER NOIDA
862611061957412,OPPO A17 (4+64GB),S N COMMUNICATION (HALDONI) ! GREATER NOIDA
863581066586996,OPPO A57 (4+64GB),Noor Communication ! GREATER NOIDA
860150062907359,OPPO A17K (3+64GB),Anupam telecom ! GREATER NOIDA
862611061227634,OPPO A17 (4+64GB),S N COMMUNICATION (HALDONI) ! GREATER NOIDA
866194067924179,OPPO A78 5G (8+128GB),SANCHAR BHAWAN (GREATER NOIDA) ! GREATER NOIDA
864397063957174,OPPO A57 (4+64GB),KASHISH COMMUNICATION ! GREATER NOIDA
867426064402158,OPPO Reno8 T 5G (8+128GB),Noble Mobile Shope ! GREATER NOIDA
861950056818358,OPPO F21 Pro (8+128GB),AMBE SOFTWARE & HARDWARE REP CENTRE (DADRI) ! GREATER NOIDA
864904060213517,OPPO F21s Pro 5G (8+128GB),S N COMMUNICATION (HALDONI) ! GREATER NOIDA
866194067395511,OPPO A78 5G (8+128GB),Shyam Lal & Sons ! GREATER NOIDA
866194067340574,OPPO A78 5G (8+128GB),Shyam Lal & Sons ! GREATER NOIDA
866194067924138,OPPO A78 5G (8+128GB),S.M TRADER (KASNA) ! GREATER NOIDA
866102050096178,OPPO A55 (4+128GB),SHRIB SAHIB JI MOBILE SOLUTION-2 ! GREATER NOIDA
860489069361818,OPPO F21s Pro (8+128GB),Mobile World (noida) ! GREATER NOIDA
864397064443018,OPPO A57 (4+64GB),NEW UNIVERSAL OFFICE SYSTEM ! GREATER NOIDA
864397065398997,OPPO A57 (4+64GB),Noor Communication ! GREATER NOIDA
866768068799753,OPPO A77 (4+128GB),VISHAL MOBILE HOUSE ! GREATER NOIDA
867443062879659,OPPO A77 (4+128GB),SHREE RAM MOBILE GALLERY ! GREATER NOIDA
862498068808016,OPPO A17 (4+64GB),SHRIB SAHIB JI MOBILE SOLUTION-2 ! GREATER NOIDA
862498068841090,OPPO A17 (4+64GB),SHRIB SAHIB JI MOBILE SOLUTION-2 ! GREATER NOIDA
862498067327935,OPPO A17 (4+64GB),SHRIB SAHIB JI MOBILE SOLUTION-2 ! GREATER NOIDA
862611060442853,OPPO A17 (4+64GB),Jai Ambey Communication ! GREATER NOIDA
864463068372015,OPPO A77s (8+128GB),PRIYANKA MOBILE WORLD (HALDONI) ! GREATER NOIDA
866194067340319,OPPO A78 5G (8+128GB),Noor Communication ! GREATER NOIDA
862047067621936,OPPO A17 (4+64GB),Noor Communication ! GREATER NOIDA
866194067229611,OPPO A78 5G (8+128GB),Royal mobile house and electronics ! GREATER NOIDA
866102052025217,OPPO A55 (4+128GB),Noor Communication ! GREATER NOIDA
866102052049290,OPPO A55 (4+128GB),PRIYANKA MOBILE WORLD (HALDONI) ! GREATER NOIDA
864463066072153,OPPO A77s (8+128GB),AMBE SOFTWARE & HARDWARE REP CENTRE (DADRI) ! GREATER NOIDA
864397066103339,OPPO A57 (4+64GB),Jai Ambey Communication ! GREATER NOIDA
862106054554615,OPPO A16 (4+64GB),KANIKA COMMUNICATION (HABIBPUR) ! GREATER NOIDA
866875065371971,OPPO F21s Pro 5G (8+128GB),VISHAL MOBILE HOUSE ! GREATER NOIDA
860109068770674,OPPO A17K (3+64GB),Tanish Telecom(Surajpur) ! GREATER NOIDA
864397061329814,OPPO A57 (4+64GB),V.K Mobile Point (HALDONI) ! GREATER NOIDA
862047069239018,OPPO A17 (4+64GB),Tanish Telecom(Surajpur) ! GREATER NOIDA
864463068346993,OPPO A77s (8+128GB),VISHAL MOBILE HOUSE ! GREATER NOIDA
860150062215431,OPPO A17K (3+64GB),Shyam Lal & Sons ! GREATER NOIDA
864397063304559,OPPO A57 (4+64GB),S N COMMUNICATION (HALDONI) ! GREATER NOIDA
864397063332337,OPPO A57 (4+64GB),KRISHNA TELECOM (GN) ! GREATER NOIDA
860150062353752,OPPO A17K (3+64GB),Tanish Telecom(Surajpur) ! GREATER NOIDA
862498068067894,OPPO A17 (4+64GB),Sanjay Communication(Sec-93) ! GREATER NOIDA
864904060191473,OPPO F21s Pro 5G (8+128GB),Mobile World (noida) ! GREATER NOIDA
867443061513911,OPPO A77 (4+128GB),Noor Communication ! GREATER NOIDA
862498069822594,OPPO A17 (4+64GB),Tanish Telecom(Surajpur) ! GREATER NOIDA
862498069824830,OPPO A17 (4+64GB),Tanish Telecom(Surajpur) ! GREATER NOIDA
860150062794195,OPPO A17K (3+64GB),Tanish Telecom(Surajpur) ! GREATER NOIDA
864397065919735,OPPO A57 (4+64GB),Computer Wizard ! GREATER NOIDA
862611061988912,OPPO A17 (4+64GB),SHIV SHAKTI ELECTRONICS ! GREATER NOIDA
864397065330131,OPPO A57 (4+64GB),KGAD MOBIWORLD ! GREATER NOIDA
866194067229678,OPPO A78 5G (8+128GB),Computer Wizard ! GREATER NOIDA
862611063961339,OPPO A17 (4+64GB),S N COMMUNICATION (HALDONI) ! GREATER NOIDA
866194067624753,OPPO A78 5G (8+128GB),KANIKA COMMUNICATION (HABIBPUR) ! GREATER NOIDA
867426064725012,OPPO Reno8 T 5G (8+128GB),S.M TRADER (KASNA) ! GREATER NOIDA
867426064725137,OPPO Reno8 T 5G (8+128GB),Jai Ambey Communication ! GREATER NOIDA
866194067963110,OPPO A78 5G (8+128GB),Noor Communication ! GREATER NOIDA
866194067924336,OPPO A78 5G (8+128GB),SANCHAR BHAWAN (GREATER NOIDA) ! GREATER NOIDA
864463068372312,OPPO A77s (8+128GB),SHREE BALAJI MOBILE CENTER (KASNA) ! GREATER NOIDA
860109066400498,OPPO A17K (3+64GB),Noor Communication ! GREATER NOIDA
860109067557916,OPPO A17K (3+64GB),SHRIB SAHIB JI MOBILE SOLUTION-2 ! GREATER NOIDA
864397063276856,OPPO A57 (4+64GB),NEW RADHEY ELECTRONICS & MOBILE CENTER ! GREATER NOIDA
866102051580535,OPPO A55 (4+128GB),S N COMMUNICATION (HALDONI) ! GREATER NOIDA
864904061332811,OPPO F21s Pro 5G (8+128GB),NEW RADHEY ELECTRONICS & MOBILE CENTER ! GREATER NOIDA
864463068375638,OPPO A77s (8+128GB),S N COMMUNICATION (HALDONI) ! GREATER NOIDA
866875066743392,OPPO F21s Pro 5G (8+128GB),SHIV SHAKTI ELECTRONICS ! GREATER NOIDA
866102050122958,OPPO A55 (4+128GB),SHIV SHAKTI ELECTRONICS ! GREATER NOIDA
864397064944379,OPPO A57 (4+64GB),Anuska mobile center 2 ! GREATER NOIDA
864904060508692,OPPO F21s Pro 5G (8+128GB),Noble Mobile Shope ! GREATER NOIDA
867443062255991,OPPO A77 (4+128GB),POOJA COMMUNICATION (G.NOIDA) ! GREATER NOIDA
862611061953916,OPPO A17 (4+64GB),S.M TRADER (KASNA) ! GREATER NOIDA
864397065991056,OPPO A57 (4+64GB),KANIKA COMMUNICATION (HABIBPUR) ! GREATER NOIDA
866102051819693,OPPO A55 (4+128GB),POOJA COMMUNICATION (G.NOIDA) ! GREATER NOIDA
860150065178479,OPPO A17K (3+64GB),POOJA COMMUNICATION (G.NOIDA) ! GREATER NOIDA
867426064606097,OPPO Reno8 T 5G (8+128GB),S N COMMUNICATION (HALDONI) ! GREATER NOIDA
863581066595278,OPPO A57 (4+64GB),Tanish Telecom(Surajpur) ! GREATER NOIDA
862498069781378,OPPO A17 (4+64GB),NEW RADHEY ELECTRONICS & MOBILE CENTER ! GREATER NOIDA
867443062815851,OPPO A77 (4+128GB),SANCHAR BHAWAN (GREATER NOIDA) ! GREATER NOIDA
862611061213550,OPPO A17 (4+64GB),Balaji Traders/Greater Noida ! GREATER NOIDA
862611061866159,OPPO A17 (4+64GB),S.M TRADER (KASNA) ! GREATER NOIDA
864463066077236,OPPO A77s (8+128GB),VISHAL MOBILE HOUSE ! GREATER NOIDA
862611060435774,OPPO A17 (4+64GB),Royal mobile house and electronics ! GREATER NOIDA
864397065902897,OPPO A57 (4+64GB),KGAD MOBIWORLD ! GREATER NOIDA
865399060089976,OPPO A16K & E (3+32GB),S N COMMUNICATION (HALDONI) ! GREATER NOIDA
864397066292116,OPPO A57 (4+64GB),KGAD MOBIWORLD ! GREATER NOIDA
866194067924294,OPPO A78 5G (8+128GB),Noble Mobile Shope ! GREATER NOIDA
867443062816610,OPPO A77 (4+128GB),S N COMMUNICATION (HALDONI) ! GREATER NOIDA
866102052049373,OPPO A55 (4+128GB),Noble Mobile Shope ! GREATER NOIDA
867443061404194,OPPO A77 (4+128GB),Shyam Lal & Sons ! GREATER NOIDA
863581063926898,OPPO A57 (4+64GB),JAI AMBEY COMMUNICATION ENTERPRISES ! GREATER NOIDA
864397065099579,OPPO A57 (4+64GB),KRISHNA TELECOM (GN) ! GREATER NOIDA
862611060413854,OPPO A17 (4+64GB),SHREE BALAJI COMMUNICATION (SURAJPUR) ! GREATER NOIDA
866102052593131,OPPO A55 (4+128GB),BRS ELECTRONICS (KASNA) ! GREATER NOIDA
864397066467619,OPPO A57 (4+64GB),M.R. COMMUNICATION (KASNA) ! GREATER NOIDA
866194067230031,OPPO A78 5G (8+128GB),Jai Ambey Communication ! GREATER NOIDA
866102052574032,OPPO A55 (4+128GB),Noor Communication ! GREATER NOIDA
862611061376118,OPPO A17 (4+64GB),JAGDAMBA MOBILE HUB (JAGAT FARM) ! GREATER NOIDA
867426064654154,OPPO Reno8 T 5G (8+128GB),Jai Ambey Communication ! GREATER NOIDA
864397061805458,OPPO A57 (4+64GB),JAGDAMBA MOBILE HUB (JAGAT FARM) ! GREATER NOIDA
866102052005995,OPPO A55 (4+128GB),Sanjay Communication(Sec-93) ! GREATER NOIDA
864904061718837,OPPO F21s Pro 5G (8+128GB),SANCHAR BHAWAN (GREATER NOIDA) ! GREATER NOIDA
864397064165538,OPPO A57 (4+64GB),SHREE BALAJI MOBILE CENTER (KASNA) ! GREATER NOIDA
863461060925898,OPPO A77s (8+128GB),SHIV SHAKTI ELECTRONICS ! GREATER NOIDA
866102051982616,OPPO A55 (4+128GB),S N COMMUNICATION (HALDONI) ! GREATER NOIDA
860150062739471,OPPO A17K (3+64GB),POOJA COMMUNICATION (G.NOIDA) ! GREATER NOIDA
860474069327654,OPPO A16K & E (3+32GB),PRIYANKA MOBILE WORLD (HALDONI) ! GREATER NOIDA
864397062914010,OPPO A57 (4+64GB),BHOOMI MOBILE SOLUTION ! GREATER NOIDA
867443062256577,OPPO A77 (4+128GB),Jai Ambey Communication ! GREATER NOIDA
863534060399197,OPPO F21s Pro (8+128GB),Jai Ambey Communication ! GREATER NOIDA
861950056818234,OPPO F21 Pro (8+128GB),VISHAL MOBILE HOUSE ! GREATER NOIDA
862498063883378,OPPO A17 (4+64GB),SHIV SHAKTI ELECTRONICS ! GREATER NOIDA
862498065241799,OPPO A17 (4+64GB),Tanish Telecom(Surajpur) ! GREATER NOIDA
867443063080711,OPPO A77 (4+128GB),SANCHAR BHAWAN (GREATER NOIDA) ! GREATER NOIDA
860150064258876,OPPO A17K (3+64GB),SANCHAR BHAWAN (GREATER NOIDA) ! GREATER NOIDA
864397064046357,OPPO A57 (4+64GB),SHREE BALAJI COMMUNICATION (SURAJPUR) ! GREATER NOIDA
864397065543691,OPPO A57 (4+64GB),S N COMMUNICATION (HALDONI) ! GREATER NOIDA
867443061344275,OPPO A77 (4+128GB),Shyam Lal & Sons ! GREATER NOIDA
866194067924070,OPPO A78 5G (8+128GB),PRIYANKA MOBILE WORLD (HALDONI) ! GREATER NOIDA
866102053168396,OPPO A55 (4+128GB),VISHAL MOBILE HOUSE ! GREATER NOIDA
866194068453699,OPPO A78 5G (8+128GB),Royal mobile house and electronics ! GREATER NOIDA
860150062556693,OPPO A17K (3+64GB),MAHALAXMI MOBILE STORE ! GREATER NOIDA
862611060398899,OPPO A17 (4+64GB),S N COMMUNICATION (HALDONI) ! GREATER NOIDA
862888054617191,OPPO F21 Pro 5G (8+128GB),Noble Mobile Shope ! GREATER NOIDA
860109069033510,OPPO A17K (3+64GB),SHREE RAM MOBILE GALLERY ! GREATER NOIDA
864397064464139,OPPO A57 (4+64GB),Anuska mobile center 2 ! GREATER NOIDA
864397065543659,OPPO A57 (4+64GB),SHIV SHAKTI ELECTRONICS ! GREATER NOIDA
862611061227212,OPPO A17 (4+64GB),SANCHAR BHAWAN (GREATER NOIDA) ! GREATER NOIDA
867426064401317,OPPO Reno8 T 5G (8+128GB),Noor Communication ! GREATER NOIDA
860109066951656,OPPO A17K (3+64GB),Jai Ambey Communication ! GREATER NOIDA
864397064640498,OPPO A57 (4+64GB),Noor Communication ! GREATER NOIDA
860109065830190,OPPO A17K (3+64GB),POOJA COMMUNICATION (G.NOIDA) ! GREATER NOIDA
864397065448354,OPPO A57 (4+64GB),AMBE SOFTWARE & HARDWARE REP CENTRE (DADRI) ! GREATER NOIDA
864397065442613,OPPO A57 (4+64GB),OM COMMUNICATION ! GREATER NOIDA
866102052025118,OPPO A55 (4+128GB),Noor Communication ! GREATER NOIDA
866194067521017,OPPO A78 5G (8+128GB),S.M TRADER (KASNA) ! GREATER NOIDA
862498068803173,OPPO A17 (4+64GB),Royal mobile house and electronics ! GREATER NOIDA
862611061203718,OPPO A17 (4+64GB),Mobile World (noida) ! GREATER NOIDA
864397065442696,OPPO A57 (4+64GB),SANCHAR BHAWAN (GREATER NOIDA) ! GREATER NOIDA
863461060294055,OPPO A77s (8+128GB),Noor Communication ! GREATER NOIDA
867426063932890,OPPO Reno8 T 5G (8+128GB),Noor Communication ! GREATER NOIDA
862680056951219,OPPO A55 (4+64GB),Ayush Communication ! GREATER NOIDA
867426064227316,OPPO Reno8 T 5G (8+128GB),SANCHAR BHAWAN (GREATER NOIDA) ! GREATER NOIDA
866875066505296,OPPO F21s Pro 5G (8+128GB),SHIV SHAKTI ELECTRONICS ! GREATER NOIDA
864397066290219,OPPO A57 (4+64GB),KGAD MOBIWORLD ! GREATER NOIDA
862498069381757,OPPO A17 (4+64GB),NEW UNIVERSAL OFFICE SYSTEM ! GREATER NOIDA
860150064449756,OPPO A17K (3+64GB),JAGDAMBA MOBILE HUB (JAGAT FARM) ! GREATER NOIDA
862498068842775,OPPO A17 (4+64GB),Royal mobile house and electronics ! GREATER NOIDA
864904061539050,OPPO F21s Pro 5G (8+128GB),SHIV SHAKTI ELECTRONICS ! GREATER NOIDA
866194068453871,OPPO A78 5G (8+128GB),SHRIB SAHIB JI MOBILE SOLUTION-2 ! GREATER NOIDA
866102051373030,OPPO A55 (4+128GB),Prince Enterpirese ! GREATER NOIDA
864904061538953,OPPO F21s Pro 5G (8+128GB),V.K Mobile Point (HALDONI) ! GREATER NOIDA
860150062630118,OPPO A17K (3+64GB),S N COMMUNICATION (HALDONI) ! GREATER NOIDA
862498068842858,OPPO A17 (4+64GB),KASHISH COMMUNICATION ! GREATER NOIDA
862498069374679,OPPO A17 (4+64GB),KGAD MOBIWORLD ! GREATER NOIDA
862498069824251,OPPO A17 (4+64GB),VISHAL MOBILE HOUSE ! GREATER NOIDA
862611061214798,OPPO A17 (4+64GB),BRS ELECTRONICS (KASNA) ! GREATER NOIDA
862611062216537,OPPO A17 (4+64GB),KGAD MOBIWORLD ! GREATER NOIDA
864904061369755,OPPO F21s Pro 5G (8+128GB),VISHAL MOBILE HOUSE ! GREATER NOIDA
862498069368838,OPPO A17 (4+64GB),SHIV SHAKTI ELECTRONICS ! GREATER NOIDA
864397065405198,OPPO A57 (4+64GB),KGAD MOBIWORLD ! GREATER NOIDA
864397065636255,OPPO A57 (4+64GB),SHRIB SAHIB JI MOBILE SOLUTION-2 ! GREATER NOIDA
864397065447570,OPPO A57 (4+64GB),KGAD MOBIWORLD ! GREATER NOIDA
862611062994018,OPPO A17 (4+64GB),I Store ! GREATER NOIDA
862611063005871,OPPO A17 (4+64GB),I Store ! GREATER NOIDA
866194067395818,OPPO A78 5G (8+128GB),Mobile World (noida) ! GREATER NOIDA
866102052827596,OPPO A55 (4+128GB),M.R. COMMUNICATION (KASNA) ! GREATER NOIDA
862611063004619,OPPO A17 (4+64GB),S N COMMUNICATION (HALDONI) ! GREATER NOIDA
862047068909991,OPPO A17 (4+64GB),Dev Communication (AICHER) ! GREATER NOIDA
863461061090551,OPPO A77s (8+128GB),Shyam Lal & Sons ! GREATER NOIDA
866206058009339,OPPO F19s (6+128GB),Royal mobile house and electronics ! GREATER NOIDA
863581068967293,OPPO A57 (4+64GB),Anupam telecom ! GREATER NOIDA
864397062539031,OPPO A57 (4+64GB),POOJA COMMUNICATION (G.NOIDA) ! GREATER NOIDA
866102050550356,OPPO A55 (4+128GB),Mobile World (noida) ! GREATER NOIDA
862498068803439,OPPO A17 (4+64GB),KASHISH COMMUNICATION ! GREATER NOIDA
867426064653792,OPPO Reno8 T 5G (8+128GB),Anupam telecom ! GREATER NOIDA
860035069187073,OPPO A16K & E (4+64GB),Anuska mobile center 2 ! GREATER NOIDA
863581066588398,OPPO A57 (4+64GB),SHRIB SAHIB JI MOBILE SOLUTION-2 ! GREATER NOIDA
860150061918258,OPPO A17K (3+64GB),SHIV SHAKTI ELECTRONICS ! GREATER NOIDA
866875069067013,OPPO F21s Pro 5G (8+128GB),Anupam telecom ! GREATER NOIDA
864397064138410,OPPO A57 (4+64GB),SANCHAR BHAWAN (GREATER NOIDA) ! GREATER NOIDA
866102051980370,OPPO A55 (4+128GB),S N COMMUNICATION (HALDONI) ! GREATER NOIDA
867443062818632,OPPO A77 (4+128GB),Shyam Lal & Sons ! GREATER NOIDA
862611064306310,OPPO A17 (4+64GB),BRS ELECTRONICS (KASNA) ! GREATER NOIDA
866102052318539,OPPO A55 (4+128GB),PRIYANKA MOBILE WORLD (HALDONI) ! GREATER NOIDA
863534060062159,OPPO F21s Pro (8+128GB),VISHAL MOBILE HOUSE ! GREATER NOIDA
864397065480878,OPPO A57 (4+64GB),Royal mobile house and electronics ! GREATER NOIDA
864397065447737,OPPO A57 (4+64GB),KGAD MOBIWORLD ! GREATER NOIDA
867426064724932,OPPO Reno8 T 5G (8+128GB),KGAD MOBIWORLD ! GREATER NOIDA
866194068267214,OPPO A78 5G (8+128GB),KGAD MOBIWORLD ! GREATER NOIDA
866194068451495,OPPO A78 5G (8+128GB),SHREE BALAJI MOBILE CENTER (KASNA) ! GREATER NOIDA
864397066237277,OPPO A57 (4+64GB),KGAD MOBIWORLD ! GREATER NOIDA
860109064338831,OPPO A17K (3+64GB),KGAD MOBIWORLD ! GREATER NOIDA
867443060556697,OPPO A77 (4+128GB),TOMAR ELECTRONICS ! GREATER NOIDA
862498069366634,OPPO A17 (4+64GB),AMBE SOFTWARE & HARDWARE REP CENTRE (DADRI) ! GREATER NOIDA
860150064708250,OPPO A17K (3+64GB),SANCHAR BHAWAN (GREATER NOIDA) ! GREATER NOIDA
862611060553576,OPPO A17 (4+64GB),SHIV SHAKTI ELECTRONICS ! GREATER NOIDA
863461060553138,OPPO A77s (8+128GB),Jai Ambey Communication ! GREATER NOIDA
860109066721257,OPPO A17K (3+64GB),KGAD MOBIWORLD ! GREATER NOIDA
867443063086395,OPPO A77 (4+128GB),Noor Communication ! GREATER NOIDA
864397065447554,OPPO A57 (4+64GB),OM COMMUNICATION ! GREATER NOIDA
864397065903473,OPPO A57 (4+64GB),Noor Communication ! GREATER NOIDA
864904060214010,OPPO F21s Pro 5G (8+128GB),Noor Communication ! GREATER NOIDA
864397065078334,OPPO A57 (4+64GB),NEW RADHEY ELECTRONICS & MOBILE CENTER ! GREATER NOIDA
864397065636156,OPPO A57 (4+64GB),OM COMMUNICATION ! GREATER NOIDA
866194068451453,OPPO A78 5G (8+128GB),KGAD MOBIWORLD ! GREATER NOIDA
864397064934636,OPPO A57 (4+64GB),KASHISH COMMUNICATION ! GREATER NOIDA
862498066321152,OPPO A17 (4+64GB),SHRIB SAHIB JI MOBILE SOLUTION-2 ! GREATER NOIDA
866102051820394,OPPO A55 (4+128GB),BRS ELECTRONICS (KASNA) ! GREATER NOIDA
862888052193351,OPPO F21 Pro 5G (8+128GB),KGAD MOBIWORLD ! GREATER NOIDA
864463068372031,OPPO A77s (8+128GB),Noor Communication ! GREATER NOIDA
864397063799311,OPPO A57 (4+64GB),KANIKA COMMUNICATION (HABIBPUR) ! GREATER NOIDA
866102051980131,OPPO A55 (4+128GB),AMBE SOFTWARE & HARDWARE REP CENTRE (DADRI) ! GREATER NOIDA
862047067622033,OPPO A17 (4+64GB),Noor Communication ! GREATER NOIDA
866102051980495,OPPO A55 (4+128GB),Royal mobile house and electronics ! GREATER NOIDA
862611060428977,OPPO A17 (4+64GB),AMBE SOFTWARE & HARDWARE REP CENTRE (DADRI) ! GREATER NOIDA
866102052646079,OPPO A55 (4+128GB),SHREE BALAJI MOBILE CENTER (KASNA) ! GREATER NOIDA
863581066586954,OPPO A57 (4+64GB),Anupam telecom ! GREATER NOIDA
864397065082773,OPPO A57 (4+64GB),NEW RADHEY ELECTRONICS & MOBILE CENTER ! GREATER NOIDA
864397065990553,OPPO A57 (4+64GB),Noor Communication ! GREATER NOIDA
866194066979018,OPPO A78 5G (8+128GB),SHREE BALAJI COMMUNICATION (SURAJPUR) ! GREATER NOIDA
867443062256056,OPPO A77 (4+128GB),Noor Communication ! GREATER NOIDA
862611061908191,OPPO A17 (4+64GB),SHREE BALAJI COMMUNICATION (SURAJPUR) ! GREATER NOIDA
866194068453632,OPPO A78 5G (8+128GB),KRISHNA TELECOM (GN) ! GREATER NOIDA
862611064306476,OPPO A17 (4+64GB),S N COMMUNICATION (HALDONI) ! GREATER NOIDA
866875066743632,OPPO F21s Pro 5G (8+128GB),SANCHAR BHAWAN (GREATER NOIDA) ! GREATER NOIDA
862498063878477,OPPO A17 (4+64GB),Hardika Enterprises Private Limited
862498069784893,OPPO A17 (4+64GB),SHREE BALAJI MOBILE CENTER (KASNA) ! GREATER NOIDA
867426064646358,OPPO Reno8 T 5G (8+128GB),VISHAL MOBILE HOUSE ! GREATER NOIDA
866194066726377,OPPO A78 5G (8+128GB),SHIV SHAKTI ELECTRONICS ! GREATER NOIDA
866194067394415,OPPO A78 5G (8+128GB),S N COMMUNICATION (HALDONI) ! GREATER NOIDA
860109068777414,OPPO A17K (3+64GB),V.K Mobile Point (HALDONI) ! GREATER NOIDA
867443062255579,OPPO A77 (4+128GB),KGAD MOBIWORLD ! GREATER NOIDA
860109065839258,OPPO A17K (3+64GB),Shyam Lal & Sons ! GREATER NOIDA
864397065099553,OPPO A57 (4+64GB),Balaji Traders/Greater Noida ! GREATER NOIDA
866102052025050,OPPO A55 (4+128GB),KANIKA COMMUNICATION (HABIBPUR) ! GREATER NOIDA
867443062256650,OPPO A77 (4+128GB),Jai Ambey Communication ! GREATER NOIDA
863534060370511,OPPO F21s Pro (8+128GB),AMBE SOFTWARE & HARDWARE REP CENTRE (DADRI) ! GREATER NOIDA
862498068837551,OPPO A17 (4+64GB),S N COMMUNICATION (HALDONI) ! GREATER NOIDA
862498069391251,OPPO A17 (4+64GB),Jai Ambey Communication ! GREATER NOIDA
862611061374576,OPPO A17 (4+64GB),Royal mobile house and electronics ! GREATER NOIDA
862498064727111,OPPO A17 (4+64GB),ARISH MOBILE CENTER ! GREATER NOIDA
866194068453459,OPPO A78 5G (8+128GB),AMBE SOFTWARE & HARDWARE REP CENTRE (DADRI) ! GREATER NOIDA
860150062793932,OPPO A17K (3+64GB),S.M TRADER (KASNA) ! GREATER NOIDA
864397063892538,OPPO A57 (4+64GB),Mobile World (noida) ! GREATER NOIDA
864463068823678,OPPO A77s (8+128GB),SHREE RAM MOBILE GALLERY ! GREATER NOIDA
864463068356638,OPPO A77s (8+128GB),Computer Wizard ! GREATER NOIDA
860150062629433,OPPO A17K (3+64GB),VISHAL MOBILE HOUSE ! GREATER NOIDA
866102052415095,OPPO A55 (4+128GB),I Store ! GREATER NOIDA
863534060308172,OPPO F21s Pro (8+128GB),Mobile World (noida) ! GREATER NOIDA
867426065039579,OPPO Reno8 T 5G (8+128GB),KGAD MOBIWORLD ! GREATER NOIDA
863581068966972,OPPO A57 (4+64GB),Anupam telecom ! GREATER NOIDA
864397060438590,OPPO A57 (4+64GB),PANDEY COMMUNICATION ! GREATER NOIDA
862498064742771,OPPO A17 (4+64GB),KASHISH COMMUNICATION ! GREATER NOIDA
860150064119730,OPPO A17K (3+64GB),PANDEY COMMUNICATION ! GREATER NOIDA
860489069197998,OPPO F21s Pro (8+128GB),KANIKA COMMUNICATION (HABIBPUR) ! GREATER NOIDA
866102052645493,OPPO A55 (4+128GB),SHREE BALAJI MOBILE CENTER (KASNA) ! GREATER NOIDA
864463068448310,OPPO A77s (8+128GB),S N COMMUNICATION (HALDONI) ! GREATER NOIDA
866194067924211,OPPO A78 5G (8+128GB),KASHISH COMMUNICATION ! GREATER NOIDA
861148069691850,OPPO A96 (8+128GB),PRIYANKA MOBILE WORLD (HALDONI) ! GREATER NOIDA
862047066909696,OPPO A17 (4+64GB),Famous Mobile Point ! GREATER NOIDA
864397063894013,OPPO A57 (4+64GB),Balaji Traders/Greater Noida ! GREATER NOIDA
864397064635530,OPPO A57 (4+64GB),Computer Wizard ! GREATER NOIDA
867443063084911,OPPO A77 (4+128GB),S N COMMUNICATION (HALDONI) ! GREATER NOIDA
867443063085454,OPPO A77 (4+128GB),JAGDAMBA MOBILE HUB (JAGAT FARM) ! GREATER NOIDA
862498069785957,OPPO A17 (4+64GB),Mobile World (noida) ! GREATER NOIDA
862611060405199,OPPO A17 (4+64GB),SANCHAR BHAWAN (GREATER NOIDA) ! GREATER NOIDA
866102052608731,OPPO A55 (4+128GB),Royal mobile house and electronics ! GREATER NOIDA
862611061377710,OPPO A17 (4+64GB),Royal mobile house and electronics ! GREATER NOIDA
863534060542697,OPPO F21s Pro (8+128GB),I Store ! GREATER NOIDA
866875069068938,OPPO F21s Pro 5G (8+128GB),Noor Communication ! GREATER NOIDA
864397065638277,OPPO A57 (4+64GB),BALAJI MOBILE & ELECTRONICS (DADRI) ! GREATER NOIDA
866194068268279,OPPO A78 5G (8+128GB),Shyam Lal & Sons ! GREATER NOIDA
866768069752033,OPPO A77 (4+128GB),KGAD MOBIWORLD ! GREATER NOIDA
864904060213756,OPPO F21s Pro 5G (8+128GB),Noor Communication ! GREATER NOIDA
860150064164017,OPPO A17K (3+64GB),SHREE BALAJI MOBILE CENTER (KASNA) ! GREATER NOIDA
867443062816537,OPPO A77 (4+128GB),KANIKA COMMUNICATION (HABIBPUR) ! GREATER NOIDA
860109067554319,OPPO A17K (3+64GB),Hardika Enterprises Private Limited
862611061951050,OPPO A17 (4+64GB),S.M TRADER (KASNA) ! GREATER NOIDA
864397066058871,OPPO A57 (4+64GB),S.M TRADER (KASNA) ! GREATER NOIDA
863461060590411,OPPO A77s (8+128GB),Noor Communication ! GREATER NOIDA
862611061857778,OPPO A17 (4+64GB),S.M TRADER (KASNA) ! GREATER NOIDA
862498065818257,OPPO A17 (4+64GB),Anuska mobile center 2 ! GREATER NOIDA
867443062884451,OPPO A77 (4+128GB),S N COMMUNICATION (HALDONI) ! GREATER NOIDA
867426063931876,OPPO Reno8 T 5G (8+128GB),I Store ! GREATER NOIDA
866194067398390,OPPO A78 5G (8+128GB),BRS ELECTRONICS (KASNA) ! GREATER NOIDA
862611063947437,OPPO A17 (4+64GB),I Store ! GREATER NOIDA
864397061201591,OPPO A57 (4+64GB),Anuska mobile center 2 ! GREATER NOIDA
864397064268290,OPPO A57 (4+64GB),Balaji Traders/Greater Noida ! GREATER NOIDA
862498069782756,OPPO A17 (4+64GB),PRIYANKA MOBILE WORLD (HALDONI) ! GREATER NOIDA
866102052574099,OPPO A55 (4+128GB),Noor Communication ! GREATER NOIDA
866102052646012,OPPO A55 (4+128GB),AMBE SOFTWARE & HARDWARE REP CENTRE (DADRI) ! GREATER NOIDA
866102053168073,OPPO A55 (4+128GB),AMBE SOFTWARE & HARDWARE REP CENTRE (DADRI) ! GREATER NOIDA
867426065346230,OPPO Reno8 T 5G (8+128GB),Noble Mobile Shope ! GREATER NOIDA
862498066857916,OPPO A17 (4+64GB),KANIKA COMMUNICATION (HABIBPUR) ! GREATER NOIDA
863534060038472,OPPO F21s Pro (8+128GB),Noor Communication ! GREATER NOIDA
860150064881016,OPPO A17K (3+64GB),Anupam telecom ! GREATER NOIDA
864463068372916,OPPO A77s (8+128GB),NEW RADHEY ELECTRONICS & MOBILE CENTER ! GREATER NOIDA
862611063063334,OPPO A17 (4+64GB),S N COMMUNICATION (HALDONI) ! GREATER NOIDA
864397066235990,OPPO A57 (4+64GB),KGAD MOBIWORLD ! GREATER NOIDA
864397064455350,OPPO A57 (4+64GB),V.K Mobile Point (HALDONI) ! GREATER NOIDA
864397066069852,OPPO A57 (4+64GB),KGAD MOBIWORLD ! GREATER NOIDA
866194067397830,OPPO A78 5G (8+128GB),AMBE SOFTWARE & HARDWARE REP CENTRE (DADRI) ! GREATER NOIDA
867443063079176,OPPO A77 (4+128GB),Royal mobile house and electronics ! GREATER NOIDA
866102052414833,OPPO A55 (4+128GB),Noble Mobile Shope ! GREATER NOIDA
864397063957992,OPPO A57 (4+64GB),KASHISH COMMUNICATION ! GREATER NOIDA
867443061513416,OPPO A77 (4+128GB),KANIKA COMMUNICATION (HABIBPUR) ! GREATER NOIDA
866194067645733,OPPO A78 5G (8+128GB),KANIKA COMMUNICATION (HABIBPUR) ! GREATER NOIDA
862498068566036,OPPO A17 (4+64GB),Shyam Lal & Sons ! GREATER NOIDA
867443061552638,OPPO A77 (4+128GB),Shyam Lal & Sons ! GREATER NOIDA
862611062976874,OPPO A17 (4+64GB),Royal mobile house and electronics ! GREATER NOIDA
863461061090478,OPPO A77s (8+128GB),BRS ELECTRONICS (KASNA) ! GREATER NOIDA
860489068751456,OPPO F21s Pro (8+128GB),Balaji Traders/Greater Noida ! GREATER NOIDA
866194068264971,OPPO A78 5G (8+128GB),KRISHNA TELECOM (GN) ! GREATER NOIDA
866768069849698,OPPO A77 (4+128GB),Anuska mobile center 2 ! GREATER NOIDA
862498069340936,OPPO A17 (4+64GB),SHIV SHAKTI ELECTRONICS ! GREATER NOIDA
862611060397016,OPPO A17 (4+64GB),SANCHAR BHAWAN (GREATER NOIDA) ! GREATER NOIDA
866102050119251,OPPO A55 (4+128GB),Shyam Lal & Sons ! GREATER NOIDA
860150062794252,OPPO A17K (3+64GB),SHREE BALAJI MOBILE CENTER (KASNA) ! GREATER NOIDA
860150064123252,OPPO A17K (3+64GB),Anupam telecom ! GREATER NOIDA
863461060591294,OPPO A77s (8+128GB),SHRIB SAHIB JI MOBILE SOLUTION-2 ! GREATER NOIDA
867443062815653,OPPO A77 (4+128GB),Noble Mobile Shope ! GREATER NOIDA
860109068157039,OPPO A17K (3+64GB),Noble Mobile Shope ! GREATER NOIDA
866194068261399,OPPO A78 5G (8+128GB),Jai Ambey Communication ! GREATER NOIDA
866194068453715,OPPO A78 5G (8+128GB),Balaji Traders/Greater Noida ! GREATER NOIDA
867443062882851,OPPO A77 (4+128GB),SHRIB SAHIB JI MOBILE SOLUTION-2 ! GREATER NOIDA
866102052574719,OPPO A55 (4+128GB),Noor Communication ! GREATER NOIDA
866194067523237,OPPO A78 5G (8+128GB),V.K Mobile Point (HALDONI) ! GREATER NOIDA
866194067924237,OPPO A78 5G (8+128GB),S.M TRADER (KASNA) ! GREATER NOIDA
866194068453830,OPPO A78 5G (8+128GB),Royal mobile house and electronics ! GREATER NOIDA
867443063079010,OPPO A77 (4+128GB),Shyam Lal & Sons ! GREATER NOIDA
866102052575252,OPPO A55 (4+128GB),Jai Ambey Communication ! GREATER NOIDA
860150062862018,OPPO A17K (3+64GB),GOEL MOBILE & SAMARTH ELECTRONICS ! GREATER NOIDA
867443062888296,OPPO A77 (4+128GB),SANCHAR BHAWAN (GREATER NOIDA) ! GREATER NOIDA
862611063063375,OPPO A17 (4+64GB),S N COMMUNICATION (HALDONI) ! GREATER NOIDA
866102051981238,OPPO A55 (4+128GB),S N COMMUNICATION (HALDONI) ! GREATER NOIDA
866194066725312,OPPO A78 5G (8+128GB),Sanjay Communication(Sec-93) ! GREATER NOIDA
865399064981756,OPPO A16K & E (3+32GB),BALAJI MOBILE & ELECTRONICS (DADRI) ! GREATER NOIDA
866194067646111,OPPO A78 5G (8+128GB),Noble Mobile Shope ! GREATER NOIDA
862498069389396,OPPO A17 (4+64GB),Mobile World (noida) ! GREATER NOIDA
867443062888718,OPPO A77 (4+128GB),VISHAL MOBILE HOUSE ! GREATER NOIDA
862611062212593,OPPO A17 (4+64GB),S N COMMUNICATION (HALDONI) ! GREATER NOIDA
863461060579216,OPPO A77s (8+128GB),S N COMMUNICATION (HALDONI) ! GREATER NOIDA
862611060557270,OPPO A17 (4+64GB),KGAD MOBIWORLD ! GREATER NOIDA
860489061946517,OPPO F21s Pro (8+128GB),KANIKA COMMUNICATION (HABIBPUR) ! GREATER NOIDA
863581069667355,OPPO A57 (4+64GB),Dev Communication (AICHER) ! GREATER NOIDA
863581069836539,OPPO A57 (4+64GB),Anupam telecom ! GREATER NOIDA
864397061579798,OPPO A57 (4+64GB),V.K Mobile Point (HALDONI) ! GREATER NOIDA
860150060425875,OPPO A17K (3+64GB),KANIKA COMMUNICATION (HABIBPUR) ! GREATER NOIDA
864397064046118,OPPO A57 (4+64GB),SHREE BALAJI MOBILE CENTER (KASNA) ! GREATER NOIDA
864397064260917,OPPO A57 (4+64GB),Balaji Traders/Greater Noida ! GREATER NOIDA
862498068840134,OPPO A17 (4+64GB),Royal mobile house and electronics ! GREATER NOIDA
862498068842510,OPPO A17 (4+64GB),Noor Communication ! GREATER NOIDA
862498069391392,OPPO A17 (4+64GB),S N COMMUNICATION (HALDONI) ! GREATER NOIDA
860150062862596,OPPO A17K (3+64GB),Royal mobile house and electronics ! GREATER NOIDA
860150062629276,OPPO A17K (3+64GB),KANIKA COMMUNICATION (HABIBPUR) ! GREATER NOIDA
863461060298197,OPPO A77s (8+128GB),NEW RADHEY ELECTRONICS & MOBILE CENTER ! GREATER NOIDA
862611063947759,OPPO A17 (4+64GB),SANCHAR BHAWAN (GREATER NOIDA) ! GREATER NOIDA
862611064304158,OPPO A17 (4+64GB),Anuska mobile center 2 ! GREATER NOIDA
860150066044316,OPPO A17K (3+64GB),Hardika Enterprises Private Limited
866194068268253,OPPO A78 5G (8+128GB),Royal mobile house and electronics ! GREATER NOIDA
866102052827919,OPPO A55 (4+128GB),I Store ! GREATER NOIDA
862047067622918,OPPO A17 (4+64GB),V.K Mobile Point (HALDONI) ! GREATER NOIDA
862611063947718,OPPO A17 (4+64GB),Noble Mobile Shope ! GREATER NOIDA
862498069738790,OPPO A17 (4+64GB),Noor Communication ! GREATER NOIDA
862498069783259,OPPO A17 (4+64GB),Noor Communication ! GREATER NOIDA
867443062883016,OPPO A77 (4+128GB),KANIKA COMMUNICATION (HABIBPUR) ! GREATER NOIDA
862611061204732,OPPO A17 (4+64GB),Jai Ambey Communication ! GREATER NOIDA
864397064133593,OPPO A57 (4+64GB),Royal mobile house and electronics ! GREATER NOIDA
862498069392598,OPPO A17 (4+64GB),S N COMMUNICATION (HALDONI) ! GREATER NOIDA
866194065827390,OPPO A78 5G (8+128GB),Noor Communication ! GREATER NOIDA
862498069379579,OPPO A17 (4+64GB),Jai Ambey Communication ! GREATER NOIDA
867443062818053,OPPO A77 (4+128GB),Shyam Lal & Sons ! GREATER NOIDA
863534060065830,OPPO F21s Pro (8+128GB),Noor Communication ! GREATER NOIDA
864397061816018,OPPO A57 (4+64GB),YASH SANCHAR WORLD ! GREATER NOIDA
863461060554896,OPPO A77s (8+128GB),S N COMMUNICATION (HALDONI) ! GREATER NOIDA
867426065622614,OPPO Reno8 T 5G (8+128GB),BALAJI MOBILE & ELECTRONICS (DADRI) ! GREATER NOIDA
866102052645774,OPPO A55 (4+128GB),JAGDAMBA MOBILE HUB (JAGAT FARM) ! GREATER NOIDA
862611063946090,OPPO A17 (4+64GB),I Store ! GREATER NOIDA
866102052243075,OPPO A55 (4+128GB),KASHISH COMMUNICATION ! GREATER NOIDA
866194067229470,OPPO A78 5G (8+128GB),Noor Communication ! GREATER NOIDA
864397063886753,OPPO A57 (4+64GB),SANCHAR BHAWAN (GREATER NOIDA) ! GREATER NOIDA
867443062888437,OPPO A77 (4+128GB),KANIKA COMMUNICATION (HABIBPUR) ! GREATER NOIDA
863461060347614,OPPO A77s (8+128GB),Noor Communication ! GREATER NOIDA
860150062863511,OPPO A17K (3+64GB),Noor Communication ! GREATER NOIDA
866102052318570,OPPO A55 (4+128GB),Jai Ambey Communication ! GREATER NOIDA
867426065515016,OPPO Reno8 T 5G (8+128GB),KANIKA COMMUNICATION (HABIBPUR) ! GREATER NOIDA
867443062256478,OPPO A77 (4+128GB),V.K Mobile Point (HALDONI) ! GREATER NOIDA
862611060882835,OPPO A17 (4+64GB),BALAJI MOBILE & ELECTRONICS (DADRI) ! GREATER NOIDA
866102052584577,OPPO A55 (4+128GB),I Store ! GREATER NOIDA
864397065989936,OPPO A57 (4+64GB),Noor Communication ! GREATER NOIDA
866194068451552,OPPO A78 5G (8+128GB),Shyam Lal & Sons ! GREATER NOIDA
866194067004113,OPPO A78 5G (8+128GB),Anuska mobile center 2 ! GREATER NOIDA
867426064655052,OPPO Reno8 T 5G (8+128GB),Royal mobile house and electronics ! GREATER NOIDA
864397066069837,OPPO A57 (4+64GB),KRISHNA TELECOM (GN) ! GREATER NOIDA
862611061380458,OPPO A17 (4+64GB),S N COMMUNICATION (HALDONI) ! GREATER NOIDA
860109063784373,OPPO A17K (3+64GB),Anuska mobile center 2 ! GREATER NOIDA
860109066557750,OPPO A17K (3+64GB),Noor Communication ! GREATER NOIDA
864463067698576,OPPO A77s (8+128GB),KANIKA COMMUNICATION (HABIBPUR) ! GREATER NOIDA
860489068009210,OPPO F21s Pro (8+128GB),Shyam Lal & Sons ! GREATER NOIDA
860150061903375,OPPO A17K (3+64GB),PRIYANKA MOBILE WORLD (HALDONI) ! GREATER NOIDA
860109069515599,OPPO A17K (3+64GB),MATRIX NETWORK MOBILE STORE ! GREATER NOIDA
864397063974336,OPPO A57 (4+64GB),KANIKA COMMUNICATION (HABIBPUR) ! GREATER NOIDA
862498068220139,OPPO A17 (4+64GB),BALAJI MOBILE & ELECTRONICS (DADRI) ! GREATER NOIDA
864397064441418,OPPO A57 (4+64GB),Sanjay Communication(Sec-93) ! GREATER NOIDA
864397064270734,OPPO A57 (4+64GB),SANCHAR BHAWAN (GREATER NOIDA) ! GREATER NOIDA
862498069367111,OPPO A17 (4+64GB),KGAD MOBIWORLD ! GREATER NOIDA
864397064202315,OPPO A57 (4+64GB),Noor Communication ! GREATER NOIDA
864397065803392,OPPO A57 (4+64GB),S N COMMUNICATION (HALDONI) ! GREATER NOIDA
862611060883411,OPPO A17 (4+64GB),Royal mobile house and electronics ! GREATER NOIDA
862498069782038,OPPO A17 (4+64GB),Sanjay Communication(Sec-93) ! GREATER NOIDA
862498069782731,OPPO A17 (4+64GB),ISHU COMMUNICATION ! GREATER NOIDA
863534060037516,OPPO F21s Pro (8+128GB),TOMAR ELECTRONICS ! GREATER NOIDA
863534060066333,OPPO F21s Pro (8+128GB),Noor Communication ! GREATER NOIDA
864397066103370,OPPO A57 (4+64GB),BRS ELECTRONICS (KASNA) ! GREATER NOIDA
864397065481074,OPPO A57 (4+64GB),SANCHAR BHAWAN (GREATER NOIDA) ! GREATER NOIDA
864397065637618,OPPO A57 (4+64GB),SHREE BALAJI MOBILE CENTER (KASNA) ! GREATER NOIDA
864904061539936,OPPO F21s Pro 5G (8+128GB),S N COMMUNICATION (HALDONI) ! GREATER NOIDA
860150064710314,OPPO A17K (3+64GB),Anuska mobile center 2 ! GREATER NOIDA
864397065991031,OPPO A57 (4+64GB),SHREE BALAJI MOBILE CENTER (KASNA) ! GREATER NOIDA
862611061368776,OPPO A17 (4+64GB),SHREE BALAJI MOBILE CENTER (KASNA) ! GREATER NOIDA
862611061380755,OPPO A17 (4+64GB),S N COMMUNICATION (HALDONI) ! GREATER NOIDA
862611061382496,OPPO A17 (4+64GB),S N COMMUNICATION (HALDONI) ! GREATER NOIDA
864904061720676,OPPO F21s Pro 5G (8+128GB),Mobile World (noida) ! GREATER NOIDA
864397066445730,OPPO A57 (4+64GB),Noor Communication ! GREATER NOIDA
863534060306275,OPPO F21s Pro (8+128GB),KANIKA COMMUNICATION (HABIBPUR) ! GREATER NOIDA
862611063063177,OPPO A17 (4+64GB),OM COMMUNICATION ! GREATER NOIDA
862611063303813,OPPO A17 (4+64GB),S N COMMUNICATION (HALDONI) ! GREATER NOIDA
862611064301634,OPPO A17 (4+64GB),Royal mobile house and electronics ! GREATER NOIDA
862611064304133,OPPO A17 (4+64GB),SHIV SHAKTI ELECTRONICS ! GREATER NOIDA
860150066044431,OPPO A17K (3+64GB),V.K Mobile Point (HALDONI) ! GREATER NOIDA
860150066075757,OPPO A17K (3+64GB),S N COMMUNICATION (HALDONI) ! GREATER NOIDA
860150066075872,OPPO A17K (3+64GB),BRS ELECTRONICS (KASNA) ! GREATER NOIDA
864397066596110,OPPO A57 (4+64GB),NEW RADHEY ELECTRONICS & MOBILE CENTER ! GREATER NOIDA
862611061375839,OPPO A17 (4+64GB),Jai Ambey Communication ! GREATER NOIDA
862611064304174,OPPO A17 (4+64GB),KGAD MOBIWORLD ! GREATER NOIDA
867443061513515,OPPO A77 (4+128GB),SANCHAR BHAWAN (GREATER NOIDA) ! GREATER NOIDA
860109066592476,OPPO A17K (3+64GB),BRS ELECTRONICS (KASNA) ! GREATER NOIDA
864397064270650,OPPO A57 (4+64GB),Noor Communication ! GREATER NOIDA
864397065400058,OPPO A57 (4+64GB),Noor Communication ! GREATER NOIDA
867443061513473,OPPO A77 (4+128GB),Noor Communication ! GREATER NOIDA
866102051979554,OPPO A55 (4+128GB),Royal mobile house and electronics ! GREATER NOIDA
866102051981071,OPPO A55 (4+128GB),Sanjay Communication(Sec-93) ! GREATER NOIDA
866102051582655,OPPO A55 (4+128GB),AMAN MOBILE STORE ! GREATER NOIDA
867443063078095,OPPO A77 (4+128GB),S N COMMUNICATION (HALDONI) ! GREATER NOIDA
867443063085116,OPPO A77 (4+128GB),S N COMMUNICATION (HALDONI) ! GREATER NOIDA
867443062880715,OPPO A77 (4+128GB),S N COMMUNICATION (HALDONI) ! GREATER NOIDA
867443062882398,OPPO A77 (4+128GB),S N COMMUNICATION (HALDONI) ! GREATER NOIDA
867443062888031,OPPO A77 (4+128GB),KANIKA COMMUNICATION (HABIBPUR) ! GREATER NOIDA
866102052414536,OPPO A55 (4+128GB),Noor Communication ! GREATER NOIDA
866102052649693,OPPO A55 (4+128GB),Royal mobile house and electronics ! GREATER NOIDA
866102052827653,OPPO A55 (4+128GB),SHREE BALAJI MOBILE CENTER (KASNA) ! GREATER NOIDA
867426064402018,OPPO Reno8 T 5G (8+128GB),Noor Communication ! GREATER NOIDA
867426064402257,OPPO Reno8 T 5G (8+128GB),KANIKA COMMUNICATION (HABIBPUR) ! GREATER NOIDA
866194067924252,OPPO A78 5G (8+128GB),Noble Mobile Shope ! GREATER NOIDA
866102053168354,OPPO A55 (4+128GB),AMBE SOFTWARE & HARDWARE REP CENTRE (DADRI) ! GREATER NOIDA
867426065346214,OPPO Reno8 T 5G (8+128GB),S N COMMUNICATION (HALDONI) ! GREATER NOIDA
867426065644253,OPPO Reno8 T 5G (8+128GB),KGAD MOBIWORLD ! GREATER NOIDA
864397068152359,OPPO A57 (4+64GB),Noor Communication ! GREATER NOIDA
862498068837577,OPPO A17 (4+64GB),S N COMMUNICATION (HALDONI) ! GREATER NOIDA
866194069451890,OPPO A78 5G (8+128GB),V.K Mobile Point (HALDONI) ! GREATER NOIDA
866194069452575,OPPO A78 5G (8+128GB),Noor Communication ! GREATER NOIDA
867443063081495,OPPO A77 (4+128GB),V.K Mobile Point (HALDONI) ! GREATER NOIDA
864397065638376,OPPO A57 (4+64GB),Royal mobile house and electronics ! GREATER NOIDA
867443062949775,OPPO A77 (4+128GB),Noor Communication ! GREATER NOIDA
860489067912695,OPPO F21s Pro (8+128GB),KANIKA COMMUNICATION (HABIBPUR) ! GREATER NOIDA
862498067716855,OPPO A17 (4+64GB),STAR TELECOM CENTER(GEJHA) ! GREATER NOIDA
862611064298913,OPPO A17 (4+64GB),Noor Communication ! GREATER NOIDA
863581060888190,OPPO A57 (4+64GB),KANIKA COMMUNICATION (HABIBPUR) ! GREATER NOIDA
864463063431055,OPPO A77s (8+128GB),Royal mobile house and electronics ! GREATER NOIDA
860109062589252,OPPO A17K (3+64GB),KASHISH COMMUNICATION ! GREATER NOIDA
864463065918893,OPPO A77s (8+128GB),Anupam telecom ! GREATER NOIDA
860109066554872,OPPO A17K (3+64GB),VISHAL MOBILE HOUSE ! GREATER NOIDA
860489066754676,OPPO F21s Pro (8+128GB),BRS ELECTRONICS (KASNA) ! GREATER NOIDA
864397061805110,OPPO A57 (4+64GB),A TO Z MOBILE ! GREATER NOIDA
862498065353396,OPPO A17 (4+64GB),KANIKA COMMUNICATION (HABIBPUR) ! GREATER NOIDA
862498065537774,OPPO A17 (4+64GB),Anupam telecom ! GREATER NOIDA
862498067029390,OPPO A17 (4+64GB),KASHISH COMMUNICATION ! GREATER NOIDA
864397062913277,OPPO A57 (4+64GB),S N COMMUNICATION (HALDONI) ! GREATER NOIDA
862498066125777,OPPO A17 (4+64GB),VISHAL MOBILE HOUSE ! GREATER NOIDA
864397064881290,OPPO A57 (4+64GB),S N COMMUNICATION (HALDONI) ! GREATER NOIDA
864397064937639,OPPO A57 (4+64GB),MOBILE HOTSPOT ! GREATER NOIDA
860489069967333,OPPO F21s Pro (8+128GB),Shyam Lal & Sons ! GREATER NOIDA
866102051478714,OPPO A55 (4+128GB),Jai Ambey Communication ! GREATER NOIDA
862498068062655,OPPO A17 (4+64GB),Tanish Telecom(Surajpur) ! GREATER NOIDA
864904060191978,OPPO F21s Pro 5G (8+128GB),SHRIB SAHIB JI MOBILE SOLUTION-2 ! GREATER NOIDA
864904060197819,OPPO F21s Pro 5G (8+128GB),SHRIB SAHIB JI MOBILE SOLUTION-2 ! GREATER NOIDA
860150063670790,OPPO A17K (3+64GB),VISHAL MOBILE HOUSE ! GREATER NOIDA
862498068842890,OPPO A17 (4+64GB),Noor Communication ! GREATER NOIDA
862498069390311,OPPO A17 (4+64GB),OM COMMUNICATION ! GREATER NOIDA
866102051982418,OPPO A55 (4+128GB),NEW RADHEY ELECTRONICS & MOBILE CENTER ! GREATER NOIDA
863534060387192,OPPO F21s Pro (8+128GB),KASHISH COMMUNICATION ! GREATER NOIDA
866102051589494,OPPO A55 (4+128GB),S N COMMUNICATION (HALDONI) ! GREATER NOIDA
867443063069078,OPPO A77 (4+128GB),Jai Ambey Communication ! GREATER NOIDA
867443063077576,OPPO A77 (4+128GB),BRS ELECTRONICS (KASNA) ! GREATER NOIDA
867443063079275,OPPO A77 (4+128GB),Shyam Lal & Sons ! GREATER NOIDA
860150063644290,OPPO A17K (3+64GB),V.K Mobile Point (HALDONI) ! GREATER NOIDA
866102052243174,OPPO A55 (4+128GB),Royal mobile house and electronics ! GREATER NOIDA
860150062906633,OPPO A17K (3+64GB),Anupam telecom ! GREATER NOIDA
866102052414718,OPPO A55 (4+128GB),Noble Mobile Shope ! GREATER NOIDA
863461060292893,OPPO A77s (8+128GB),KASHISH COMMUNICATION ! GREATER NOIDA
862611061208477,OPPO A17 (4+64GB),KGAD MOBIWORLD ! GREATER NOIDA
864463068372759,OPPO A77s (8+128GB),S N COMMUNICATION (HALDONI) ! GREATER NOIDA
862611060428696,OPPO A17 (4+64GB),SHRIB SAHIB JI MOBILE SOLUTION-2 ! GREATER NOIDA
862611061930476,OPPO A17 (4+64GB),SHREE BALAJI COMMUNICATION (SURAJPUR) ! GREATER NOIDA
866102052575294,OPPO A55 (4+128GB),KANIKA COMMUNICATION (HABIBPUR) ! GREATER NOIDA
864397065224177,OPPO A57 (4+64GB),KGAD MOBIWORLD ! GREATER NOIDA
864397066058772,OPPO A57 (4+64GB),BALAJI MOBILE & ELECTRONICS (DADRI) ! GREATER NOIDA
867426064227415,OPPO Reno8 T 5G (8+128GB),SHREE BALAJI COMMUNICATION (SURAJPUR) ! GREATER NOIDA
864904061369276,OPPO F21s Pro 5G (8+128GB),BALAJI MOBILE & ELECTRONICS (DADRI) ! GREATER NOIDA
862611063948617,OPPO A17 (4+64GB),Noor Communication ! GREATER NOIDA
867426064654014,OPPO Reno8 T 5G (8+128GB),Shyam Lal & Sons ! GREATER NOIDA
866194067981757,OPPO A78 5G (8+128GB),I Store ! GREATER NOIDA
867443062950039,OPPO A77 (4+128GB),Shyam Lal & Sons ! GREATER NOIDA
867426065119355,OPPO Reno8 T 5G (8+128GB),Noor Communication ! GREATER NOIDA
866194069051658,OPPO A78 5G (8+128GB),KGAD MOBIWORLD ! GREATER NOIDA
867426065644675,OPPO Reno8 T 5G (8+128GB),Noble Mobile Shope ! GREATER NOIDA
860150066359656,OPPO A17K (3+64GB),Jai Ambey Communication ! GREATER NOIDA
866194069403479,OPPO A78 5G (8+128GB),NEW RADHEY ELECTRONICS & MOBILE CENTER ! GREATER NOIDA
866194069404154,OPPO A78 5G (8+128GB),Noor Communication ! GREATER NOIDA
864397062783118,OPPO A57 (4+64GB),Balaji Traders/Greater Noida ! GREATER NOIDA
867443062255058,OPPO A77 (4+128GB),V.K Mobile Point (HALDONI) ! GREATER NOIDA
867443062882935,OPPO A77 (4+128GB),S N COMMUNICATION (HALDONI) ! GREATER NOIDA
866102052586358,OPPO A55 (4+128GB),KANIKA COMMUNICATION (HABIBPUR) ! GREATER NOIDA
862611061372034,OPPO A17 (4+64GB),BRS ELECTRONICS (KASNA) ! GREATER NOIDA
862498068839334,OPPO A17 (4+64GB),S N COMMUNICATION (HALDONI) ! GREATER NOIDA
866102052645592,OPPO A55 (4+128GB),BALAJI MOBILE & ELECTRONICS (DADRI) ! GREATER NOIDA
866194069806036,OPPO A78 5G (8+128GB),Jai Ambey Communication ! GREATER NOIDA
864397061003153,OPPO A57 (4+64GB),JAGDAMBA MOBILE HUB (JAGAT FARM) ! GREATER NOIDA
863534060379330,OPPO F21s Pro (8+128GB),S N COMMUNICATION (HALDONI) ! GREATER NOIDA
866102051579891,OPPO A55 (4+128GB),Jai Ambey Communication ! GREATER NOIDA
862611064306294,OPPO A17 (4+64GB),KGAD MOBIWORLD ! GREATER NOIDA
862047068774155,OPPO A17 (4+64GB),MOBILE SHINGAR (DADRI) ! GREATER NOIDA
864397064266518,OPPO A57 (4+64GB),S N COMMUNICATION (HALDONI) ! GREATER NOIDA
860150062628914,OPPO A17K (3+64GB),OM COMMUNICATION ! GREATER NOIDA
860150064895859,OPPO A17K (3+64GB),Noble Mobile Shope ! GREATER NOIDA
862611064301832,OPPO A17 (4+64GB),Royal mobile house and electronics ! GREATER NOIDA
866194069453078,OPPO A78 5G (8+128GB),I Store ! GREATER NOIDA
864397063304757,OPPO A57 (4+64GB),SHRIB SAHIB JI MOBILE SOLUTION-2 ! GREATER NOIDA
862498069389339,OPPO A17 (4+64GB),I Store ! GREATER NOIDA
864397066298113,OPPO A57 (4+64GB),S N COMMUNICATION (HALDONI) ! GREATER NOIDA
862498066176770,OPPO A17 (4+64GB),KANIKA COMMUNICATION (HABIBPUR) ! GREATER NOIDA
864397066105599,OPPO A57 (4+64GB),BRS ELECTRONICS (KASNA) ! GREATER NOIDA
864397065636099,OPPO A57 (4+64GB),Mobile World (noida) ! GREATER NOIDA
866194069453193,OPPO A78 5G (8+128GB),Noor Communication ! GREATER NOIDA
867426066093450,OPPO Reno8 T 5G (8+128GB),BRS ELECTRONICS (KASNA) ! GREATER NOIDA
862498066098370,OPPO A17 (4+64GB),M.R. COMMUNICATION (KASNA) ! GREATER NOIDA
862498069822172,OPPO A17 (4+64GB),KASHISH COMMUNICATION ! GREATER NOIDA
863534060376799,OPPO F21s Pro (8+128GB),S N COMMUNICATION (HALDONI) ! GREATER NOIDA
864397065583457,OPPO A57 (4+64GB),AMBE SOFTWARE & HARDWARE REP CENTRE (DADRI) ! GREATER NOIDA
864397065254976,OPPO A57 (4+64GB),Sanjay Communication(Sec-93) ! GREATER NOIDA
866102052942452,OPPO A55 (4+128GB),I Store ! GREATER NOIDA
864397066103115,OPPO A57 (4+64GB),TOMAR ELECTRONICS ! GREATER NOIDA
866194069805814,OPPO A78 5G (8+128GB),KGAD MOBIWORLD ! GREATER NOIDA
862611062216172,OPPO A17 (4+64GB),OM COMMUNICATION ! GREATER NOIDA
866194069804957,OPPO A78 5G (8+128GB),Noble Mobile Shope ! GREATER NOIDA
860118052399317,OPPO A76 (6+128GB),S.M TRADER (KASNA) ! GREATER NOIDA
866875069073318,OPPO F21s Pro 5G (8+128GB),Noor Communication ! GREATER NOIDA
867443061552919,OPPO A77 (4+128GB),Jai Ambey Communication ! GREATER NOIDA
860150064894993,OPPO A17K (3+64GB),Noor Communication ! GREATER NOIDA
862498066180137,OPPO A17 (4+64GB),Noor Communication ! GREATER NOIDA
860150064449913,OPPO A17K (3+64GB),Noor Communication ! GREATER NOIDA
862611061367950,OPPO A17 (4+64GB),KGAD MOBIWORLD ! GREATER NOIDA
864397065603776,OPPO A57 (4+64GB),Royal mobile house and electronics ! GREATER NOIDA
864904060509070,OPPO F21s Pro 5G (8+128GB),SHRIB SAHIB JI MOBILE SOLUTION-2 ! GREATER NOIDA
864397067063979,OPPO A57 (4+64GB),Royal mobile house and electronics ! GREATER NOIDA
864397068152672,OPPO A57 (4+64GB),Computer Wizard ! GREATER NOIDA
862498068776718,OPPO A17 (4+64GB),Jai Ambey Communication ! GREATER NOIDA
862047068768215,OPPO A17 (4+64GB),MOBILE SHINGAR (DADRI) ! GREATER NOIDA
867443062753771,OPPO A77 (4+128GB),Jai Ambey Communication ! GREATER NOIDA
866194068454093,OPPO A78 5G (8+128GB),AMBE SOFTWARE & HARDWARE REP CENTRE (DADRI) ! GREATER NOIDA
860150064710272,OPPO A17K (3+64GB),Anuska mobile center 2 ! GREATER NOIDA
864397066290698,OPPO A57 (4+64GB),KRISHNA TELECOM (GN) ! GREATER NOIDA
866194069051492,OPPO A78 5G (8+128GB),SHRIB SAHIB JI MOBILE SOLUTION-2 ! GREATER NOIDA
862498068565731,OPPO A17 (4+64GB),Sanjay Communication(Sec-93) ! GREATER NOIDA
866102052827679,OPPO A55 (4+128GB),SHREE BALAJI MOBILE CENTER (KASNA) ! GREATER NOIDA
860150066355159,OPPO A17K (3+64GB),V.K Mobile Point (HALDONI) ! GREATER NOIDA
867426065727371,OPPO Reno8 T 5G (8+128GB),Jai Ambey Communication ! GREATER NOIDA
864397063680594,OPPO A57 (4+64GB),Shyam Lal & Sons ! GREATER NOIDA
862498069703018,OPPO A17 (4+64GB),SHREE BALAJI COMMUNICATION (SURAJPUR) ! GREATER NOIDA
862611061550530,OPPO A17 (4+64GB),Noble Mobile Shope ! GREATER NOIDA
866102052109219,OPPO A55 (4+128GB),SHRIB SAHIB JI MOBILE SOLUTION-2 ! GREATER NOIDA
862611060879773,OPPO A17 (4+64GB),Anuska mobile center 2 ! GREATER NOIDA
864397066104055,OPPO A57 (4+64GB),S N COMMUNICATION (HALDONI) ! GREATER NOIDA
862611061954195,OPPO A17 (4+64GB),KRISHNA TELECOM (GN) ! GREATER NOIDA
864397066069977,OPPO A57 (4+64GB),KRISHNA TELECOM (GN) ! GREATER NOIDA
862611064298996,OPPO A17 (4+64GB),Computer Wizard ! GREATER NOIDA
866194069358319,OPPO A78 5G (8+128GB),Noble Mobile Shope ! GREATER NOIDA
860578064946977,OPPO A17 (4+64GB),Ayush Communication ! GREATER NOIDA
860489067009179,OPPO F21s Pro (8+128GB),Shyam Lal & Sons ! GREATER NOIDA
860150062629557,OPPO A17K (3+64GB),VISHAL MOBILE HOUSE ! GREATER NOIDA
864397065278157,OPPO A57 (4+64GB),S.M TRADER (KASNA) ! GREATER NOIDA
864463068330872,OPPO A77s (8+128GB),Jai Ambey Communication ! GREATER NOIDA
867443062880335,OPPO A77 (4+128GB),Balaji Traders/Greater Noida ! GREATER NOIDA
867443062883214,OPPO A77 (4+128GB),SHREE BALAJI COMMUNICATION (SURAJPUR) ! GREATER NOIDA
860150064890975,OPPO A17K (3+64GB),Shyam Lal & Sons ! GREATER NOIDA
867426066094672,OPPO Reno8 T 5G (8+128GB),KGAD MOBIWORLD ! GREATER NOIDA
864904061295471,OPPO F21s Pro 5G (8+128GB),Sanjay Communication(Sec-93) ! GREATER NOIDA
866875060531835,OPPO F21s Pro 5G (8+128GB),Shyam Lal & Sons ! GREATER NOIDA
866875065575415,OPPO F21s Pro 5G (8+128GB),Shyam Lal & Sons ! GREATER NOIDA
866194067396717,OPPO A78 5G (8+128GB),JAGDAMBA MOBILE HUB (JAGAT FARM) ! GREATER NOIDA
867443062949759,OPPO A77 (4+128GB),BALAJI MOBILE & ELECTRONICS (DADRI) ! GREATER NOIDA
866194069362378,OPPO A78 5G (8+128GB),KANIKA COMMUNICATION (HABIBPUR) ! GREATER NOIDA
864397062408559,OPPO A57 (4+64GB),Dev Communication (AICHER) ! GREATER NOIDA
867443062885714,OPPO A77 (4+128GB),SANCHAR BHAWAN (GREATER NOIDA) ! GREATER NOIDA
862611060417459,OPPO A17 (4+64GB),SHIV TRADERS (SURAJPUR) ! GREATER NOIDA
867426066093559,OPPO Reno8 T 5G (8+128GB),Keshav Mobile Point(Sec-32) ! GREATER NOIDA
864397065636198,OPPO A57 (4+64GB),SHRIB SAHIB JI MOBILE SOLUTION-2 ! GREATER NOIDA
863534060023698,OPPO F21s Pro (8+128GB),PRIYANKA MOBILE WORLD (HALDONI) ! GREATER NOIDA
860109066601772,OPPO A17K (3+64GB),BHOOMI MOBILE SOLUTION ! GREATER NOIDA
862498067029630,OPPO A17 (4+64GB),KASHISH COMMUNICATION ! GREATER NOIDA
867443062886175,OPPO A77 (4+128GB),VISHAL MOBILE HOUSE ! GREATER NOIDA
862611061182375,OPPO A17 (4+64GB),BRS ELECTRONICS (KASNA) ! GREATER NOIDA
867426066085712,OPPO Reno8 T 5G (8+128GB),Shyam Lal & Sons ! GREATER NOIDA
860474068925052,OPPO A16K & E (3+32GB),SHREE BALAJI MOBILE CENTER (KASNA) ! GREATER NOIDA
864397064201259,OPPO A57 (4+64GB),BRS ELECTRONICS (KASNA) ! GREATER NOIDA
863534060542614,OPPO F21s Pro (8+128GB),VISHAL MOBILE HOUSE ! GREATER NOIDA
860150065380372,OPPO A17K (3+64GB),Noor Communication ! GREATER NOIDA
867443062950013,OPPO A77 (4+128GB),Noor Communication ! GREATER NOIDA
862498065069752,OPPO A17 (4+64GB),BRS ELECTRONICS (KASNA) ! GREATER NOIDA
864397065448438,OPPO A57 (4+64GB),SHRIB SAHIB JI MOBILE SOLUTION-2 ! GREATER NOIDA
866102052646095,OPPO A55 (4+128GB),S N COMMUNICATION (HALDONI) ! GREATER NOIDA
863534060338674,OPPO F21s Pro (8+128GB),POOJA COMMUNICATION (G.NOIDA) ! GREATER NOIDA
862498068842551,OPPO A17 (4+64GB),KGAD MOBIWORLD ! GREATER NOIDA
862498069382136,OPPO A17 (4+64GB),SHREE BALAJI MOBILE CENTER (KASNA) ! GREATER NOIDA
866102052242879,OPPO A55 (4+128GB),KANIKA COMMUNICATION (HABIBPUR) ! GREATER NOIDA
864904061529234,OPPO F21s Pro 5G (8+128GB),Balaji Traders/Greater Noida ! GREATER NOIDA
867443062861996,OPPO A77 (4+128GB),KANIKA COMMUNICATION (HABIBPUR) ! GREATER NOIDA
866102052593677,OPPO A55 (4+128GB),BRS ELECTRONICS (KASNA) ! GREATER NOIDA
866194068453517,OPPO A78 5G (8+128GB),SHREE BALAJI MOBILE CENTER (KASNA) ! GREATER NOIDA
862498068836371,OPPO A17 (4+64GB),SANCHAR BHAWAN (GREATER NOIDA) ! GREATER NOIDA
864397067060850,OPPO A57 (4+64GB),Noor Communication ! GREATER NOIDA
864397068152953,OPPO A57 (4+64GB),Noor Communication ! GREATER NOIDA
864397068157333,OPPO A57 (4+64GB),Noor Communication ! GREATER NOIDA
864397064133494,OPPO A57 (4+64GB),PRIYANKA MOBILE WORLD (HALDONI) ! GREATER NOIDA
866102052049399,OPPO A55 (4+128GB),Royal mobile house and electronics ! GREATER NOIDA
867426065644394,OPPO Reno8 T 5G (8+128GB),KRISHNA TELECOM (GN) ! GREATER NOIDA