IMEI 1,Product Model,Color,Distributor,Verification Time
867443062818236,OPPO A77 (4+128GB),Sky Blue,PRIYANKA MOBILE WORLD (HALDONI) ! GREATER NOIDA,2023-03-01 00:05:36
866194067230239,OPPO A78 5G (8+128GB),Glowing Blue,Jai Ambey Communication ! GREATER NOIDA,2023-03-01 05:20:52
862611060556314,OPPO A17 (4+64GB),Sunlight Orange,S.M TRADER (KASNA) ! GREATER NOIDA,2023-03-01 08:55:22
864904061306955,OPPO F21s Pro 5G (8+128GB),Starlight Black,SANCHAR BHAWAN (GREATER NOIDA) ! GREATER NOIDA,2023-03-01 12:06:23
866194067340574,OPPO A78 5G (8+128GB),Glowing Black,Shyam Lal & Sons ! GREATER NOIDA,2023-03-01 12:07:27
866194067395511,OPPO A78 5G (8+128GB),Glowing Blue,Shyam Lal & Sons ! GREATER NOIDA,2023-03-01 12:08:17
867443062256072,OPPO A77 (4+128GB),Sky Blue,Noor Communication ! GREATER NOIDA,2023-03-01 12:36:36
867443061513614,OPPO A77 (4+128GB),Sunset Orange,SHREE BALAJI MOBILE CENTER (KASNA) ! GREATER NOIDA,2023-03-01 12:59:31
863461060589215,OPPO A77s (8+128GB),Starry Black,S N COMMUNICATION (HALDONI) ! GREATER NOIDA,2023-03-01 13:04:49
867426064654832,OPPO Reno8 T 5G (8+128GB),Sunrise Gold,S.M TRADER (KASNA) ! GREATER NOIDA,2023-03-01 14:59:56
862611061203676,OPPO A17 (4+64GB),Lake Blue,S.M TRADER (KASNA) ! GREATER NOIDA,2023-03-01 14:59:56
864397064964393,OPPO A57 (4+64GB),Glowing Green,S N COMMUNICATION (HALDONI) ! GREATER NOIDA,2023-03-01 16:58:52
866194067983779,OPPO A78 5G (8+128GB),Glowing Black,KGAD MOBIWORLD ! GREATER NOIDA,2023-03-01 17:50:51
866194067924278,OPPO A78 5G (8+128GB),Glowing Blue,KGAD MOBIWORLD ! GREATER NOIDA,2023-03-01 17:51:12
867426064653834,OPPO Reno8 T 5G (8+128GB),Sunrise Gold,KGAD MOBIWORLD ! GREATER NOIDA,2023-03-01 17:51:25
863461060959335,OPPO A77s (8+128GB),Starry Black,PRIYANKA MOBILE WORLD (HALDONI) ! GREATER NOIDA,2023-03-01 17:57:18
867443061513630,OPPO A77 (4+128GB),Sunset Orange,Noor Communication ! GREATER NOIDA,2023-03-01 18:49:56
860150064895396,OPPO A17K (3+64GB),Blue,Noor Communication ! GREATER NOIDA,2023-03-01 19:06:54
862611061957412,OPPO A17 (4+64GB),Lake Blue,S N COMMUNICATION (HALDONI) ! GREATER NOIDA,2023-03-01 19:31:38
867443062882893,OPPO A77 (4+128GB),Sky Blue,S N COMMUNICATION (HALDONI) ! GREATER NOIDA,2023-03-01 20:12:30
862498069783176,OPPO A17 (4+64GB),Midnight Black,Noor Communication ! GREATER NOIDA,2023-03-01 20:34:48
863461060590999,OPPO A77s (8+128GB),Starry Black,Jai Ambey Communication ! GREATER NOIDA,2023-03-01 20:39:55
864397061329814,OPPO A57 (4+64GB),Gold,V.K Mobile Point (HALDONI) ! GREATER NOIDA,2023-03-01 20:41:14
866194067924013,OPPO A78 5G (8+128GB),Glowing Blue,Balaji Traders/Greater Noida ! GREATER NOIDA,2023-03-01 20:41:32
866194067924179,OPPO A78 5G (8+128GB),Glowing Blue,SANCHAR BHAWAN (GREATER NOIDA) ! GREATER NOIDA,2023-03-01 20:41:47
864397065405214,OPPO A57 (4+64GB),Gold,Jai Ambey Communication ! GREATER NOIDA,2023-03-01 20:42:10
862498068846438,OPPO A17 (4+64GB),Sunlight Orange,Royal mobile house and electronics ! GREATER NOIDA,2023-03-01 20:45:53
864397064464212,OPPO A57 (4+64GB),Glowing Black,Balaji Traders/Greater Noida ! GREATER NOIDA,2023-03-01 20:53:50
864397064266575,OPPO A57 (4+64GB),Gold,S N COMMUNICATION (HALDONI) ! GREATER NOIDA,2023-03-01 21:04:59
866194067983811,OPPO A78 5G (8+128GB),Glowing Black,KASHISH COMMUNICATION ! GREATER NOIDA,2023-03-01 21:28:20
862047064248477,OPPO A17 (4+64GB),Sunlight Orange,POOJA COMMUNICATION (G.NOIDA) ! GREATER NOIDA,2023-03-01 21:37:35
866194067395214,OPPO A78 5G (8+128GB),Glowing Blue,POOJA COMMUNICATION (G.NOIDA) ! GREATER NOIDA,2023-03-01 21:37:35
864397065197498,OPPO A57 (4+64GB),Gold,KGAD MOBIWORLD ! GREATER NOIDA,2023-03-01 21:39:45
864397066467593,OPPO A57 (4+64GB),Glowing Green,KGAD MOBIWORLD ! GREATER NOIDA,2023-03-01 21:40:01
863581060264798,OPPO A57 (4+64GB),Glowing Green,Dev Communication (AICHER) ! GREATER NOIDA,2023-03-01 21:47:24
862611061227634,OPPO A17 (4+64GB),Lake Blue,S N COMMUNICATION (HALDONI) ! GREATER NOIDA,2023-03-01 22:29:26
864397065442431,OPPO A57 (4+64GB),Glowing Black,Noor Communication ! GREATER NOIDA,2023-03-01 22:30:35
863581066586996,OPPO A57 (4+64GB),Gold,Noor Communication ! GREATER NOIDA,2023-03-01 22:31:10
862888054617191,OPPO F21 Pro 5G (8+128GB),Rainbow Spectrum,Noble Mobile Shope ! GREATER NOIDA,2023-03-01 22:35:06
867426064402158,OPPO Reno8 T 5G (8+128GB),Sunrise Gold,Noble Mobile Shope ! GREATER NOIDA,2023-03-01 22:35:45
866194067924252,OPPO A78 5G (8+128GB),Glowing Blue,Noble Mobile Shope ! GREATER NOIDA,2023-03-01 22:36:26
862498066858575,OPPO A17 (4+64GB),Midnight Black,Noble Mobile Shope ! GREATER NOIDA,2023-03-01 22:37:10
864397063304559,OPPO A57 (4+64GB),Glowing Green,S N COMMUNICATION (HALDONI) ! GREATER NOIDA,2023-03-01 23:17:56
862498061872613,OPPO A17 (4+64GB),Lake Blue,SHIV SHAKTI ELECTRONICS ! GREATER NOIDA,2023-03-02 00:29:41
864397063957174,OPPO A57 (4+64GB),Gold,KASHISH COMMUNICATION ! GREATER NOIDA,2023-03-02 11:25:37
864904060213517,OPPO F21s Pro 5G (8+128GB),Dawnlight Gold,S N COMMUNICATION (HALDONI) ! GREATER NOIDA,2023-03-02 11:31:33
866102050096178,OPPO A55 (4+128GB),Starry Black,SHRIB SAHIB JI MOBILE SOLUTION-2 ! GREATER NOIDA,2023-03-02 12:36:37
864397064443018,OPPO A57 (4+64GB),Glowing Black,NEW UNIVERSAL OFFICE SYSTEM ! GREATER NOIDA,2023-03-02 13:08:52
866194067340319,OPPO A78 5G (8+128GB),Glowing Black,Noor Communication ! GREATER NOIDA,2023-03-02 14:24:46
866102052025217,OPPO A55 (4+128GB),Starry Black,Noor Communication ! GREATER NOIDA,2023-03-02 14:50:00
864463068372312,OPPO A77s (8+128GB),Sunset Orange,SHREE BALAJI MOBILE CENTER (KASNA) ! GREATER NOIDA,2023-03-02 15:11:56
864397065398997,OPPO A57 (4+64GB),Gold,Noor Communication ! GREATER NOIDA,2023-03-02 15:35:12
862047067621936,OPPO A17 (4+64GB),Lake Blue,Noor Communication ! GREATER NOIDA,2023-03-02 15:35:46
866102052827919,OPPO A55 (4+128GB),Starry Black,I Store ! GREATER NOIDA,2023-03-02 15:50:35
866194067229678,OPPO A78 5G (8+128GB),Glowing Blue,Computer Wizard ! GREATER NOIDA,2023-03-02 16:06:24
866194067963110,OPPO A78 5G (8+128GB),Glowing Black,Noor Communication ! GREATER NOIDA,2023-03-02 16:16:33
860150062215431,OPPO A17K (3+64GB),Blue,Shyam Lal & Sons ! GREATER NOIDA,2023-03-02 17:32:52
864397063332337,OPPO A57 (4+64GB),Gold,KRISHNA TELECOM (GN) ! GREATER NOIDA,2023-03-02 18:35:59
866768068799753,OPPO A77 (4+128GB),Sunset Orange,VISHAL MOBILE HOUSE ! GREATER NOIDA,2023-03-02 18:52:43
862498066185052,OPPO A17 (4+64GB),Lake Blue,VISHAL MOBILE HOUSE ! GREATER NOIDA,2023-03-02 18:53:52
862498069823774,OPPO A17 (4+64GB),Midnight Black,VISHAL MOBILE HOUSE ! GREATER NOIDA,2023-03-02 18:54:27
866875065371971,OPPO F21s Pro 5G (8+128GB),Dawnlight Gold,VISHAL MOBILE HOUSE ! GREATER NOIDA,2023-03-02 18:55:07
862611061988912,OPPO A17 (4+64GB),Midnight Black,SHIV SHAKTI ELECTRONICS ! GREATER NOIDA,2023-03-02 19:25:02
864463068346993,OPPO A77s (8+128GB),Sunset Orange,VISHAL MOBILE HOUSE ! GREATER NOIDA,2023-03-02 19:32:00
862611063961339,OPPO A17 (4+64GB),Midnight Black,S N COMMUNICATION (HALDONI) ! GREATER NOIDA,2023-03-02 19:33:14
867443061513911,OPPO A77 (4+128GB),Sunset Orange,Noor Communication ! GREATER NOIDA,2023-03-02 19:39:00
864904060191473,OPPO F21s Pro 5G (8+128GB),Dawnlight Gold,Mobile World (noida) ! GREATER NOIDA,2023-03-02 19:44:47
867426064401937,OPPO Reno8 T 5G (8+128GB),Sunrise Gold,KRISHNA TELECOM (GN) ! GREATER NOIDA,2023-03-02 19:59:20
866102050122958,OPPO A55 (4+128GB),Starry Black,SHIV SHAKTI ELECTRONICS ! GREATER NOIDA,2023-03-02 20:02:05
867443062255991,OPPO A77 (4+128GB),Sky Blue,POOJA COMMUNICATION (G.NOIDA) ! GREATER NOIDA,2023-03-02 20:05:27
862611061214798,OPPO A17 (4+64GB),Lake Blue,BRS ELECTRONICS (KASNA) ! GREATER NOIDA,2023-03-02 20:22:06
866194067924336,OPPO A78 5G (8+128GB),Glowing Blue,SANCHAR BHAWAN (GREATER NOIDA) ! GREATER NOIDA,2023-03-02 20:22:58
866102052049290,OPPO A55 (4+128GB),Starry Black,PRIYANKA MOBILE WORLD (HALDONI) ! GREATER NOIDA,2023-03-02 20:47:49
864463068372015,OPPO A77s (8+128GB),Sunset Orange,PRIYANKA MOBILE WORLD (HALDONI) ! GREATER NOIDA,2023-03-02 20:48:43
862611061953916,OPPO A17 (4+64GB),Lake Blue,S.M TRADER (KASNA) ! GREATER NOIDA,2023-03-02 20:55:23
867426064725012,OPPO Reno8 T 5G (8+128GB),Sunrise Gold,S.M TRADER (KASNA) ! GREATER NOIDA,2023-03-02 20:55:23
866194067924138,OPPO A78 5G (8+128GB),Glowing Blue,S.M TRADER (KASNA) ! GREATER NOIDA,2023-03-02 20:55:23
864463066072153,OPPO A77s (8+128GB),Sunset Orange,AMBE SOFTWARE & HARDWARE REP CENTRE (DADRI) ! GREATER NOIDA,2023-03-02 21:07:16
861950056818358,OPPO F21 Pro (8+128GB),Sunset Orange,AMBE SOFTWARE & HARDWARE REP CENTRE (DADRI) ! GREATER NOIDA,2023-03-02 21:07:57
864463068375638,OPPO A77s (8+128GB),Sunset Orange,S N COMMUNICATION (HALDONI) ! GREATER NOIDA,2023-03-02 21:10:15
867443062879659,OPPO A77 (4+128GB),Sky Blue,SHREE RAM MOBILE GALLERY ! GREATER NOIDA,2023-03-02 21:26:10
862498068067894,OPPO A17 (4+64GB),Midnight Black,Sanjay Communication(Sec-93) ! GREATER NOIDA,2023-03-02 21:26:49
863581067940978,OPPO A57 (4+64GB),Glowing Black,Royal mobile house and electronics ! GREATER NOIDA,2023-03-02 21:37:19
864397064266617,OPPO A57 (4+64GB),Gold,Royal mobile house and electronics ! GREATER NOIDA,2023-03-02 21:37:35
866194067229611,OPPO A78 5G (8+128GB),Glowing Blue,Royal mobile house and electronics ! GREATER NOIDA,2023-03-02 21:37:51
866875066743392,OPPO F21s Pro 5G (8+128GB),Dawnlight Gold,SHIV SHAKTI ELECTRONICS ! GREATER NOIDA,2023-03-02 22:01:24
864397066103339,OPPO A57 (4+64GB),Glowing Black,Jai Ambey Communication ! GREATER NOIDA,2023-03-02 22:10:12
862611060442853,OPPO A17 (4+64GB),Midnight Black,Jai Ambey Communication ! GREATER NOIDA,2023-03-02 22:10:29
867426064725137,OPPO Reno8 T 5G (8+128GB),Sunrise Gold,Jai Ambey Communication ! GREATER NOIDA,2023-03-02 22:12:13
864397064944379,OPPO A57 (4+64GB),Glowing Green,Anuska mobile center 2 ! GREATER NOIDA,2023-03-02 22:12:55
864904061332811,OPPO F21s Pro 5G (8+128GB),Dawnlight Gold,NEW RADHEY ELECTRONICS & MOBILE CENTER ! GREATER NOIDA,2023-03-02 22:21:31
866102051580535,OPPO A55 (4+128GB),Mint Green,S N COMMUNICATION (HALDONI) ! GREATER NOIDA,2023-03-02 22:38:12
864904060508692,OPPO F21s Pro 5G (8+128GB),Starlight Black,Noble Mobile Shope ! GREATER NOIDA,2023-03-02 22:50:34
866102052049373,OPPO A55 (4+128GB),Starry Black,Noble Mobile Shope ! GREATER NOIDA,2023-03-02 22:51:37
860109066400498,OPPO A17K (3+64GB),Navy Blue,Noor Communication ! GREATER NOIDA,2023-03-03 09:55:42
867426064606097,OPPO Reno8 T 5G (8+128GB),Sunrise Gold,S N COMMUNICATION (HALDONI) ! GREATER NOIDA,2023-03-03 11:02:48
863581066588398,OPPO A57 (4+64GB),Gold,SHRIB SAHIB JI MOBILE SOLUTION-2 ! GREATER NOIDA,2023-03-03 11:23:14
867443061404194,OPPO A77 (4+128GB),Sunset Orange,Shyam Lal & Sons ! GREATER NOIDA,2023-03-03 11:31:31
866102052574032,OPPO A55 (4+128GB),Rainbow Blue,Noor Communication ! GREATER NOIDA,2023-03-03 11:31:58
864397065991056,OPPO A57 (4+64GB),Glowing Black,KANIKA COMMUNICATION (HABIBPUR) ! GREATER NOIDA,2023-03-03 11:34:48
866194067624753,OPPO A78 5G (8+128GB),Glowing Black,KANIKA COMMUNICATION (HABIBPUR) ! GREATER NOIDA,2023-03-03 11:40:36
867443062815851,OPPO A77 (4+128GB),Sky Blue,SANCHAR BHAWAN (GREATER NOIDA) ! GREATER NOIDA,2023-03-03 12:07:44
864397065902897,OPPO A57 (4+64GB),Glowing Green,KGAD MOBIWORLD ! GREATER NOIDA,2023-03-03 13:40:10
864397066292116,OPPO A57 (4+64GB),Glowing Green,KGAD MOBIWORLD ! GREATER NOIDA,2023-03-03 13:40:22
864397063276856,OPPO A57 (4+64GB),Gold,NEW RADHEY ELECTRONICS & MOBILE CENTER ! GREATER NOIDA,2023-03-03 14:14:46
862498069781378,OPPO A17 (4+64GB),Midnight Black,NEW RADHEY ELECTRONICS & MOBILE CENTER ! GREATER NOIDA,2023-03-03 14:16:12
862611060413854,OPPO A17 (4+64GB),Sunlight Orange,SHREE BALAJI COMMUNICATION (SURAJPUR) ! GREATER NOIDA,2023-03-03 14:33:27
864397065099579,OPPO A57 (4+64GB),Glowing Green,KRISHNA TELECOM (GN) ! GREATER NOIDA,2023-03-03 14:35:48
867443062816610,OPPO A77 (4+128GB),Sky Blue,S N COMMUNICATION (HALDONI) ! GREATER NOIDA,2023-03-03 14:45:12
860109067557916,OPPO A17K (3+64GB),Navy Blue,SHRIB SAHIB JI MOBILE SOLUTION-2 ! GREATER NOIDA,2023-03-03 15:00:52
866102052005995,OPPO A55 (4+128GB),Starry Black,Sanjay Communication(Sec-93) ! GREATER NOIDA,2023-03-03 15:19:38
867426064654154,OPPO Reno8 T 5G (8+128GB),Sunrise Gold,Jai Ambey Communication ! GREATER NOIDA,2023-03-03 15:47:00
866194067230031,OPPO A78 5G (8+128GB),Glowing Blue,Jai Ambey Communication ! GREATER NOIDA,2023-03-03 15:49:03
864904061718837,OPPO F21s Pro 5G (8+128GB),Dawnlight Gold,SANCHAR BHAWAN (GREATER NOIDA) ! GREATER NOIDA,2023-03-03 16:22:20
864397065442696,OPPO A57 (4+64GB),Glowing Black,SANCHAR BHAWAN (GREATER NOIDA) ! GREATER NOIDA,2023-03-03 16:22:20
860150064449756,OPPO A17K (3+64GB),Gold,JAGDAMBA MOBILE HUB (JAGAT FARM) ! GREATER NOIDA,2023-03-03 16:28:09
862611061376118,OPPO A17 (4+64GB),Lake Blue,JAGDAMBA MOBILE HUB (JAGAT FARM) ! GREATER NOIDA,2023-03-03 16:34:52
864397061805458,OPPO A57 (4+64GB),Glowing Green,JAGDAMBA MOBILE HUB (JAGAT FARM) ! GREATER NOIDA,2023-03-03 16:35:44
865399060089976,OPPO A16K & E (3+32GB),Midnight Black,S N COMMUNICATION (HALDONI) ! GREATER NOIDA,2023-03-03 16:44:41
864397064165538,OPPO A57 (4+64GB),Gold,SHREE BALAJI MOBILE CENTER (KASNA) ! GREATER NOIDA,2023-03-03 17:20:29
866194067924070,OPPO A78 5G (8+128GB),Glowing Blue,PRIYANKA MOBILE WORLD (HALDONI) ! GREATER NOIDA,2023-03-03 17:30:39
866102051982616,OPPO A55 (4+128GB),Mint Green,S N COMMUNICATION (HALDONI) ! GREATER NOIDA,2023-03-03 17:55:40
866194067521017,OPPO A78 5G (8+128GB),Glowing Black,S.M TRADER (KASNA) ! GREATER NOIDA,2023-03-03 17:58:50
860109066592476,OPPO A17K (3+64GB),Navy Blue,BRS ELECTRONICS (KASNA) ! GREATER NOIDA,2023-03-03 18:12:27
866102052593131,OPPO A55 (4+128GB),Rainbow Blue,BRS ELECTRONICS (KASNA) ! GREATER NOIDA,2023-03-03 18:13:04
867443062256577,OPPO A77 (4+128GB),Sky Blue,Jai Ambey Communication ! GREATER NOIDA,2023-03-03 18:18:13
863534060399197,OPPO F21s Pro (8+128GB),Starlight Black,Jai Ambey Communication ! GREATER NOIDA,2023-03-03 18:23:06
866102052025118,OPPO A55 (4+128GB),Starry Black,Noor Communication ! GREATER NOIDA,2023-03-03 18:35:27
864397065543691,OPPO A57 (4+64GB),Glowing Black,S N COMMUNICATION (HALDONI) ! GREATER NOIDA,2023-03-03 19:06:24
864397064046357,OPPO A57 (4+64GB),Glowing Green,SHREE BALAJI COMMUNICATION (SURAJPUR) ! GREATER NOIDA,2023-03-03 19:11:26
867426064401317,OPPO Reno8 T 5G (8+128GB),Sunrise Gold,Noor Communication ! GREATER NOIDA,2023-03-03 19:16:35
866102053168396,OPPO A55 (4+128GB),Mint Green,VISHAL MOBILE HOUSE ! GREATER NOIDA,2023-03-03 19:31:50
861950056818234,OPPO F21 Pro (8+128GB),Sunset Orange,VISHAL MOBILE HOUSE ! GREATER NOIDA,2023-03-03 19:32:28
864463066077236,OPPO A77s (8+128GB),Sunset Orange,VISHAL MOBILE HOUSE ! GREATER NOIDA,2023-03-03 19:33:01
862611060398899,OPPO A17 (4+64GB),Midnight Black,S N COMMUNICATION (HALDONI) ! GREATER NOIDA,2023-03-03 19:52:54
864397064640498,OPPO A57 (4+64GB),Glowing Black,Noor Communication ! GREATER NOIDA,2023-03-03 20:04:56
866102051819693,OPPO A55 (4+128GB),Mint Green,POOJA COMMUNICATION (G.NOIDA) ! GREATER NOIDA,2023-03-03 20:29:21
864397064464139,OPPO A57 (4+64GB),Glowing Black,Anuska mobile center 2 ! GREATER NOIDA,2023-03-03 20:30:51
864397065330131,OPPO A57 (4+64GB),Gold,KGAD MOBIWORLD ! GREATER NOIDA,2023-03-03 20:49:50
864397065448354,OPPO A57 (4+64GB),Glowing Black,AMBE SOFTWARE & HARDWARE REP CENTRE (DADRI) ! GREATER NOIDA,2023-03-03 21:54:15
866102051980131,OPPO A55 (4+128GB),Mint Green,AMBE SOFTWARE & HARDWARE REP CENTRE (DADRI) ! GREATER NOIDA,2023-03-03 21:54:57
860489069361818,OPPO F21s Pro (8+128GB),Dawnlight Gold,Mobile World (noida) ! GREATER NOIDA,2023-03-03 22:49:18
864397066467619,OPPO A57 (4+64GB),Glowing Green,M.R. COMMUNICATION (KASNA) ! GREATER NOIDA,2023-03-03 22:49:18
864397065919735,OPPO A57 (4+64GB),Glowing Green,Computer Wizard ! GREATER NOIDA,2023-03-03 22:52:22
864397065543659,OPPO A57 (4+64GB),Glowing Black,SHIV SHAKTI ELECTRONICS ! GREATER NOIDA,2023-03-03 22:53:17
866194067924294,OPPO A78 5G (8+128GB),Glowing Blue,Noble Mobile Shope ! GREATER NOIDA,2023-03-03 22:53:49
862498063883378,OPPO A17 (4+64GB),Lake Blue,SHIV SHAKTI ELECTRONICS ! GREATER NOIDA,2023-03-03 22:54:53
863461060925898,OPPO A77s (8+128GB),Starry Black,SHIV SHAKTI ELECTRONICS ! GREATER NOIDA,2023-03-03 22:55:40
860109069033510,OPPO A17K (3+64GB),Gold,SHREE RAM MOBILE GALLERY ! GREATER NOIDA,2023-03-03 23:03:59
860150062556693,OPPO A17K (3+64GB),Blue,MAHALAXMI MOBILE STORE ! GREATER NOIDA,2023-03-03 23:04:28
864397062914010,OPPO A57 (4+64GB),Glowing Black,BHOOMI MOBILE SOLUTION ! GREATER NOIDA,2023-03-03 23:04:52
866194068453699,OPPO A78 5G (8+128GB),Glowing Blue,Royal mobile house and electronics ! GREATER NOIDA,2023-03-03 23:07:16
862611061213550,OPPO A17 (4+64GB),Lake Blue,Balaji Traders/Greater Noida ! GREATER NOIDA,2023-03-03 23:08:25
862611061866159,OPPO A17 (4+64GB),Midnight Black,S.M TRADER (KASNA) ! GREATER NOIDA,2023-03-04 06:34:49
867426064227316,OPPO Reno8 T 5G (8+128GB),Midnight Black,SANCHAR BHAWAN (GREATER NOIDA) ! GREATER NOIDA,2023-03-04 10:52:01
867443063080711,OPPO A77 (4+128GB),Sky Blue,SANCHAR BHAWAN (GREATER NOIDA) ! GREATER NOIDA,2023-03-04 11:54:53
866875066505296,OPPO F21s Pro 5G (8+128GB),Starlight Black,SHIV SHAKTI ELECTRONICS ! GREATER NOIDA,2023-03-04 12:28:15
863534060038472,OPPO F21s Pro (8+128GB),Dawnlight Gold,Noor Communication ! GREATER NOIDA,2023-03-04 12:29:10
864904061539050,OPPO F21s Pro 5G (8+128GB),Dawnlight Gold,SHIV SHAKTI ELECTRONICS ! GREATER NOIDA,2023-03-04 12:30:02
862498069381757,OPPO A17 (4+64GB),Midnight Black,NEW UNIVERSAL OFFICE SYSTEM ! GREATER NOIDA,2023-03-04 13:08:51
866194068453871,OPPO A78 5G (8+128GB),Glowing Blue,SHRIB SAHIB JI MOBILE SOLUTION-2 ! GREATER NOIDA,2023-03-04 13:32:25
862498069368838,OPPO A17 (4+64GB),Midnight Black,SHIV SHAKTI ELECTRONICS ! GREATER NOIDA,2023-03-04 15:11:45
860150062630118,OPPO A17K (3+64GB),Navy Blue,S N COMMUNICATION (HALDONI) ! GREATER NOIDA,2023-03-04 15:33:31
864397065636255,OPPO A57 (4+64GB),Glowing Green,SHRIB SAHIB JI MOBILE SOLUTION-2 ! GREATER NOIDA,2023-03-04 15:36:22
862611063005871,OPPO A17 (4+64GB),Lake Blue,I Store ! GREATER NOIDA,2023-03-04 16:22:21
862611062994018,OPPO A17 (4+64GB),Lake Blue,I Store ! GREATER NOIDA,2023-03-04 16:31:57
866194067395818,OPPO A78 5G (8+128GB),Glowing Blue,Mobile World (noida) ! GREATER NOIDA,2023-03-04 16:32:54
862611063004619,OPPO A17 (4+64GB),Lake Blue,S N COMMUNICATION (HALDONI) ! GREATER NOIDA,2023-03-04 17:11:48
867443062256650,OPPO A77 (4+128GB),Sky Blue,Jai Ambey Communication ! GREATER NOIDA,2023-03-04 17:12:09
863461061090551,OPPO A77s (8+128GB),Starry Black,Shyam Lal & Sons ! GREATER NOIDA,2023-03-04 17:52:17
866194068451495,OPPO A78 5G (8+128GB),Glowing Blue,SHREE BALAJI MOBILE CENTER (KASNA) ! GREATER NOIDA,2023-03-04 19:25:52
864397062539031,OPPO A57 (4+64GB),Gold,POOJA COMMUNICATION (G.NOIDA) ! GREATER NOIDA,2023-03-04 19:28:20
863461060294055,OPPO A77s (8+128GB),Starry Black,Noor Communication ! GREATER NOIDA,2023-03-04 19:42:53
862498068803439,OPPO A17 (4+64GB),Sunlight Orange,KASHISH COMMUNICATION ! GREATER NOIDA,2023-03-04 19:46:40
862498068842858,OPPO A17 (4+64GB),Sunlight Orange,KASHISH COMMUNICATION ! GREATER NOIDA,2023-03-04 19:49:24
867443060556697,OPPO A77 (4+128GB),Sky Blue,TOMAR ELECTRONICS ! GREATER NOIDA,2023-03-04 19:58:47
866102051980370,OPPO A55 (4+128GB),Mint Green,S N COMMUNICATION (HALDONI) ! GREATER NOIDA,2023-03-04 20:09:47
864904061369755,OPPO F21s Pro 5G (8+128GB),Dawnlight Gold,VISHAL MOBILE HOUSE ! GREATER NOIDA,2023-03-04 20:23:41
862498069824251,OPPO A17 (4+64GB),Midnight Black,VISHAL MOBILE HOUSE ! GREATER NOIDA,2023-03-04 20:24:20
862611060553576,OPPO A17 (4+64GB),Sunlight Orange,SHIV SHAKTI ELECTRONICS ! GREATER NOIDA,2023-03-04 20:29:30
866102052318539,OPPO A55 (4+128GB),Starry Black,PRIYANKA MOBILE WORLD (HALDONI) ! GREATER NOIDA,2023-03-04 20:31:11
860150061918258,OPPO A17K (3+64GB),Blue,SHIV SHAKTI ELECTRONICS ! GREATER NOIDA,2023-03-04 20:31:14
864397064138410,OPPO A57 (4+64GB),Glowing Green,SANCHAR BHAWAN (GREATER NOIDA) ! GREATER NOIDA,2023-03-04 20:38:23
862498069366634,OPPO A17 (4+64GB),Midnight Black,AMBE SOFTWARE & HARDWARE REP CENTRE (DADRI) ! GREATER NOIDA,2023-03-04 20:55:38
866102052827596,OPPO A55 (4+128GB),Starry Black,M.R. COMMUNICATION (KASNA) ! GREATER NOIDA,2023-03-04 21:01:21
862047068909991,OPPO A17 (4+64GB),Midnight Black,Dev Communication (AICHER) ! GREATER NOIDA,2023-03-04 21:01:52
866102051373030,OPPO A55 (4+128GB),Rainbow Blue,Prince Enterpirese ! GREATER NOIDA,2023-03-04 21:02:11
866102050550356,OPPO A55 (4+128GB),Starry Black,Mobile World (noida) ! GREATER NOIDA,2023-03-04 21:05:42
864397065447570,OPPO A57 (4+64GB),Glowing Black,KGAD MOBIWORLD ! GREATER NOIDA,2023-03-04 21:07:02
864397066237277,OPPO A57 (4+64GB),Gold,KGAD MOBIWORLD ! GREATER NOIDA,2023-03-04 21:07:12
864397065405198,OPPO A57 (4+64GB),Gold,KGAD MOBIWORLD ! GREATER NOIDA,2023-03-04 21:07:20
867426064724932,OPPO Reno8 T 5G (8+128GB),Sunrise Gold,KGAD MOBIWORLD ! GREATER NOIDA,2023-03-04 21:07:31
866194068267214,OPPO A78 5G (8+128GB),Glowing Black,KGAD MOBIWORLD ! GREATER NOIDA,2023-03-04 21:07:42
864397065447737,OPPO A57 (4+64GB),Glowing Black,KGAD MOBIWORLD ! GREATER NOIDA,2023-03-04 21:07:54
864397065903473,OPPO A57 (4+64GB),Glowing Green,Noor Communication ! GREATER NOIDA,2023-03-04 21:09:25
862611064306310,OPPO A17 (4+64GB),Lake Blue,BRS ELECTRONICS (KASNA) ! GREATER NOIDA,2023-03-04 21:25:06
864397065081353,OPPO A57 (4+64GB),Glowing Green,BRS ELECTRONICS (KASNA) ! GREATER NOIDA,2023-03-04 21:25:51
866102051820394,OPPO A55 (4+128GB),Mint Green,BRS ELECTRONICS (KASNA) ! GREATER NOIDA,2023-03-04 21:26:24
867443063086395,OPPO A77 (4+128GB),Sky Blue,Noor Communication ! GREATER NOIDA,2023-03-04 21:52:23
863461060553138,OPPO A77s (8+128GB),Starry Black,Jai Ambey Communication ! GREATER NOIDA,2023-03-04 21:52:37
867426063932890,OPPO Reno8 T 5G (8+128GB),Midnight Black,Noor Communication ! GREATER NOIDA,2023-03-04 21:53:19
862611063947718,OPPO A17 (4+64GB),Midnight Black,Noble Mobile Shope ! GREATER NOIDA,2023-03-04 22:04:24
864904060214010,OPPO F21s Pro 5G (8+128GB),Dawnlight Gold,Noor Communication ! GREATER NOIDA,2023-03-04 22:23:26
864397064934636,OPPO A57 (4+64GB),Glowing Green,KASHISH COMMUNICATION ! GREATER NOIDA,2023-03-05 10:12:27
864463068372031,OPPO A77s (8+128GB),Sunset Orange,Noor Communication ! GREATER NOIDA,2023-03-05 10:48:39
862047067622033,OPPO A17 (4+64GB),Lake Blue,Noor Communication ! GREATER NOIDA,2023-03-05 10:49:00
860489069197998,OPPO F21s Pro (8+128GB),Dawnlight Gold,KANIKA COMMUNICATION (HABIBPUR) ! GREATER NOIDA,2023-03-05 11:03:47
866102052646079,OPPO A55 (4+128GB),Rainbow Blue,SHREE BALAJI MOBILE CENTER (KASNA) ! GREATER NOIDA,2023-03-05 11:13:11
864904061538953,OPPO F21s Pro 5G (8+128GB),Dawnlight Gold,V.K Mobile Point (HALDONI) ! GREATER NOIDA,2023-03-05 11:43:43
867443062256056,OPPO A77 (4+128GB),Sky Blue,Noor Communication ! GREATER NOIDA,2023-03-05 11:49:20
862498069784893,OPPO A17 (4+64GB),Midnight Black,SHREE BALAJI MOBILE CENTER (KASNA) ! GREATER NOIDA,2023-03-05 11:53:41
866194066979018,OPPO A78 5G (8+128GB),Glowing Blue,SHREE BALAJI COMMUNICATION (SURAJPUR) ! GREATER NOIDA,2023-03-05 11:55:29
862498069374679,OPPO A17 (4+64GB),Midnight Black,KGAD MOBIWORLD ! GREATER NOIDA,2023-03-05 12:05:00
862611062216537,OPPO A17 (4+64GB),Lake Blue,KGAD MOBIWORLD ! GREATER NOIDA,2023-03-05 12:05:18
864397066290219,OPPO A57 (4+64GB),Glowing Green,KGAD MOBIWORLD ! GREATER NOIDA,2023-03-05 12:06:16
866194068453632,OPPO A78 5G (8+128GB),Glowing Blue,KRISHNA TELECOM (GN) ! GREATER NOIDA,2023-03-05 12:08:09
862611061908191,OPPO A17 (4+64GB),Lake Blue,SHREE BALAJI COMMUNICATION (SURAJPUR) ! GREATER NOIDA,2023-03-05 12:11:26
864397063957992,OPPO A57 (4+64GB),Gold,KASHISH COMMUNICATION ! GREATER NOIDA,2023-03-05 12:16:10
864397065990553,OPPO A57 (4+64GB),Glowing Black,Noor Communication ! GREATER NOIDA,2023-03-05 12:37:22
864397065082773,OPPO A57 (4+64GB),Glowing Green,NEW RADHEY ELECTRONICS & MOBILE CENTER ! GREATER NOIDA,2023-03-05 12:42:22
864397065078334,OPPO A57 (4+64GB),Glowing Green,NEW RADHEY ELECTRONICS & MOBILE CENTER ! GREATER NOIDA,2023-03-05 12:42:53
862611064306476,OPPO A17 (4+64GB),Lake Blue,S N COMMUNICATION (HALDONI) ! GREATER NOIDA,2023-03-05 12:59:15
860109068777414,OPPO A17K (3+64GB),Blue,V.K Mobile Point (HALDONI) ! GREATER NOIDA,2023-03-05 13:05:20
866206058009339,OPPO F19s (6+128GB),Glowing Gold,Royal mobile house and electronics ! GREATER NOIDA,2023-03-05 13:23:14
862611060435774,OPPO A17 (4+64GB),Midnight Black,Royal mobile house and electronics ! GREATER NOIDA,2023-03-05 13:23:31
862498068842775,OPPO A17 (4+64GB),Sunlight Orange,Royal mobile house and electronics ! GREATER NOIDA,2023-03-05 13:23:47
862498068803173,OPPO A17 (4+64GB),Sunlight Orange,Royal mobile house and electronics ! GREATER NOIDA,2023-03-05 13:24:04
866194067394415,OPPO A78 5G (8+128GB),Glowing Blue,S N COMMUNICATION (HALDONI) ! GREATER NOIDA,2023-03-05 13:49:46
867443061344275,OPPO A77 (4+128GB),Sunset Orange,Shyam Lal & Sons ! GREATER NOIDA,2023-03-05 13:55:04
866875066743632,OPPO F21s Pro 5G (8+128GB),Dawnlight Gold,SANCHAR BHAWAN (GREATER NOIDA) ! GREATER NOIDA,2023-03-05 14:35:27
860109065839258,OPPO A17K (3+64GB),Navy Blue,Shyam Lal & Sons ! GREATER NOIDA,2023-03-05 14:50:41
866194066726377,OPPO A78 5G (8+128GB),Glowing Blue,SHIV SHAKTI ELECTRONICS ! GREATER NOIDA,2023-03-05 15:08:15
862498068837551,OPPO A17 (4+64GB),Sunlight Orange,S N COMMUNICATION (HALDONI) ! GREATER NOIDA,2023-03-05 15:39:03
866102052415095,OPPO A55 (4+128GB),Starry Black,I Store ! GREATER NOIDA,2023-03-05 17:07:36
866102052645493,OPPO A55 (4+128GB),Rainbow Blue,SHREE BALAJI MOBILE CENTER (KASNA) ! GREATER NOIDA,2023-03-05 17:30:57
867443063085454,OPPO A77 (4+128GB),Sky Blue,JAGDAMBA MOBILE HUB (JAGAT FARM) ! GREATER NOIDA,2023-03-05 18:10:32
863534060542697,OPPO F21s Pro (8+128GB),Starlight Black,I Store ! GREATER NOIDA,2023-03-05 18:28:02
866194068268279,OPPO A78 5G (8+128GB),Glowing Black,Shyam Lal & Sons ! GREATER NOIDA,2023-03-05 18:39:20
867443063084911,OPPO A77 (4+128GB),Sky Blue,S N COMMUNICATION (HALDONI) ! GREATER NOIDA,2023-03-05 18:40:31
864463068448310,OPPO A77s (8+128GB),Sunset Orange,S N COMMUNICATION (HALDONI) ! GREATER NOIDA,2023-03-05 18:41:04
866768069752033,OPPO A77 (4+128GB),Sunset Orange,KGAD MOBIWORLD ! GREATER NOIDA,2023-03-05 18:49:15
863461060590411,OPPO A77s (8+128GB),Starry Black,Noor Communication ! GREATER NOIDA,2023-03-05 18:53:30
860150064164017,OPPO A17K (3+64GB),Gold,SHREE BALAJI MOBILE CENTER (KASNA) ! GREATER NOIDA,2023-03-05 19:09:54
866875069068938,OPPO F21s Pro 5G (8+128GB),Starlight Black,Noor Communication ! GREATER NOIDA,2023-03-05 19:19:07
867426063931876,OPPO Reno8 T 5G (8+128GB),Midnight Black,I Store ! GREATER NOIDA,2023-03-05 19:30:52
862888052193351,OPPO F21 Pro 5G (8+128GB),Cosmic Black,KGAD MOBIWORLD ! GREATER NOIDA,2023-03-05 19:39:15
864904060213756,OPPO F21s Pro 5G (8+128GB),Dawnlight Gold,Noor Communication ! GREATER NOIDA,2023-03-05 20:06:28
860109064338831,OPPO A17K (3+64GB),Navy Blue,KGAD MOBIWORLD ! GREATER NOIDA,2023-03-05 20:12:51
860109066721257,OPPO A17K (3+64GB),Blue,KGAD MOBIWORLD ! GREATER NOIDA,2023-03-05 20:13:29
866194068451453,OPPO A78 5G (8+128GB),Glowing Blue,KGAD MOBIWORLD ! GREATER NOIDA,2023-03-05 20:14:03
867443062255579,OPPO A77 (4+128GB),Sky Blue,KGAD MOBIWORLD ! GREATER NOIDA,2023-03-05 20:14:40
867426065039579,OPPO Reno8 T 5G (8+128GB),Sunrise Gold,KGAD MOBIWORLD ! GREATER NOIDA,2023-03-05 20:15:21
866102052574099,OPPO A55 (4+128GB),Rainbow Blue,Noor Communication ! GREATER NOIDA,2023-03-05 20:42:16
862611063947437,OPPO A17 (4+64GB),Midnight Black,I Store ! GREATER NOIDA,2023-03-05 20:47:17
864397065638277,OPPO A57 (4+64GB),Glowing Green,BALAJI MOBILE & ELECTRONICS (DADRI) ! GREATER NOIDA,2023-03-05 20:58:25
864397061201591,OPPO A57 (4+64GB),Gold,Anuska mobile center 2 ! GREATER NOIDA,2023-03-05 20:58:57
864397064268290,OPPO A57 (4+64GB),Gold,Balaji Traders/Greater Noida ! GREATER NOIDA,2023-03-05 21:05:03
866194067924211,OPPO A78 5G (8+128GB),Glowing Blue,KASHISH COMMUNICATION ! GREATER NOIDA,2023-03-05 21:06:30
864397063894013,OPPO A57 (4+64GB),Gold,Balaji Traders/Greater Noida ! GREATER NOIDA,2023-03-05 21:06:44
862498064742771,OPPO A17 (4+64GB),Lake Blue,KASHISH COMMUNICATION ! GREATER NOIDA,2023-03-05 21:07:13
864397065099553,OPPO A57 (4+64GB),Glowing Green,Balaji Traders/Greater Noida ! GREATER NOIDA,2023-03-05 21:07:14
862611061374576,OPPO A17 (4+64GB),Midnight Black,Royal mobile house and electronics ! GREATER NOIDA,2023-03-05 21:12:37
862498069782756,OPPO A17 (4+64GB),Midnight Black,PRIYANKA MOBILE WORLD (HALDONI) ! GREATER NOIDA,2023-03-05 21:12:42
862611061377710,OPPO A17 (4+64GB),Lake Blue,Royal mobile house and electronics ! GREATER NOIDA,2023-03-05 21:12:55
864397065480878,OPPO A57 (4+64GB),Gold,Royal mobile house and electronics ! GREATER NOIDA,2023-03-05 21:13:08
866102051980495,OPPO A55 (4+128GB),Mint Green,Royal mobile house and electronics ! GREATER NOIDA,2023-03-05 21:13:23
866102052608731,OPPO A55 (4+128GB),Rainbow Blue,Royal mobile house and electronics ! GREATER NOIDA,2023-03-05 21:13:36
862611060428977,OPPO A17 (4+64GB),Midnight Black,AMBE SOFTWARE & HARDWARE REP CENTRE (DADRI) ! GREATER NOIDA,2023-03-05 21:14:31
867443062818632,OPPO A77 (4+128GB),Sky Blue,Shyam Lal & Sons ! GREATER NOIDA,2023-03-05 21:14:39
863534060370511,OPPO F21s Pro (8+128GB),Starlight Black,AMBE SOFTWARE & HARDWARE REP CENTRE (DADRI) ! GREATER NOIDA,2023-03-05 21:14:47
866194068453459,OPPO A78 5G (8+128GB),Glowing Blue,AMBE SOFTWARE & HARDWARE REP CENTRE (DADRI) ! GREATER NOIDA,2023-03-05 21:15:03
863534060062159,OPPO F21s Pro (8+128GB),Dawnlight Gold,VISHAL MOBILE HOUSE ! GREATER NOIDA,2023-03-05 21:16:09
867426064646358,OPPO Reno8 T 5G (8+128GB),Sunrise Gold,VISHAL MOBILE HOUSE ! GREATER NOIDA,2023-03-05 21:17:04
862498064727111,OPPO A17 (4+64GB),Midnight Black,ARISH MOBILE CENTER ! GREATER NOIDA,2023-03-05 21:17:13
860150062629433,OPPO A17K (3+64GB),Navy Blue,VISHAL MOBILE HOUSE ! GREATER NOIDA,2023-03-05 21:17:47
862047066909696,OPPO A17 (4+64GB),Sunlight Orange,Famous Mobile Point ! GREATER NOIDA,2023-03-05 21:18:58
862611063063334,OPPO A17 (4+64GB),Sunlight Orange,S N COMMUNICATION (HALDONI) ! GREATER NOIDA,2023-03-05 21:19:00
862498069391251,OPPO A17 (4+64GB),Midnight Black,Jai Ambey Communication ! GREATER NOIDA,2023-03-05 21:19:52
864463068823678,OPPO A77s (8+128GB),Sunset Orange,SHREE RAM MOBILE GALLERY ! GREATER NOIDA,2023-03-05 21:22:44
864463068372916,OPPO A77s (8+128GB),Sunset Orange,NEW RADHEY ELECTRONICS & MOBILE CENTER ! GREATER NOIDA,2023-03-05 21:23:39
866194067397830,OPPO A78 5G (8+128GB),Glowing Blue,AMBE SOFTWARE & HARDWARE REP CENTRE (DADRI) ! GREATER NOIDA,2023-03-05 21:27:10
866102052646012,OPPO A55 (4+128GB),Rainbow Blue,AMBE SOFTWARE & HARDWARE REP CENTRE (DADRI) ! GREATER NOIDA,2023-03-05 21:29:11
866102053168073,OPPO A55 (4+128GB),Mint Green,AMBE SOFTWARE & HARDWARE REP CENTRE (DADRI) ! GREATER NOIDA,2023-03-05 21:34:12
866102052173272,OPPO A55 (4+128GB),Starry Black,AMBE SOFTWARE & HARDWARE REP CENTRE (DADRI) ! GREATER NOIDA,2023-03-05 21:36:30
867443062884451,OPPO A77 (4+128GB),Sky Blue,S N COMMUNICATION (HALDONI) ! GREATER NOIDA,2023-03-05 21:37:09
864463068356638,OPPO A77s (8+128GB),Sunset Orange,Computer Wizard ! GREATER NOIDA,2023-03-05 21:58:38
864397064635530,OPPO A57 (4+64GB),Glowing Black,Computer Wizard ! GREATER NOIDA,2023-03-05 21:58:53
867426065346230,OPPO Reno8 T 5G (8+128GB),Sunrise Gold,Noble Mobile Shope ! GREATER NOIDA,2023-03-05 22:51:16
866102052414833,OPPO A55 (4+128GB),Starry Black,Noble Mobile Shope ! GREATER NOIDA,2023-03-05 22:52:28
863534060308172,OPPO F21s Pro (8+128GB),Dawnlight Gold,Mobile World (noida) ! GREATER NOIDA,2023-03-06 00:29:45
864397063892538,OPPO A57 (4+64GB),Gold,Mobile World (noida) ! GREATER NOIDA,2023-03-06 00:29:45
860150062793932,OPPO A17K (3+64GB),Navy Blue,S.M TRADER (KASNA) ! GREATER NOIDA,2023-03-06 09:05:02
862611061857778,OPPO A17 (4+64GB),Midnight Black,S.M TRADER (KASNA) ! GREATER NOIDA,2023-03-06 09:05:02
862611061951050,OPPO A17 (4+64GB),Lake Blue,S.M TRADER (KASNA) ! GREATER NOIDA,2023-03-06 09:05:02
864397066058871,OPPO A57 (4+64GB),Glowing Black,S.M TRADER (KASNA) ! GREATER NOIDA,2023-03-06 09:05:02
866194067645733,OPPO A78 5G (8+128GB),Glowing Blue,KANIKA COMMUNICATION (HABIBPUR) ! GREATER NOIDA,2023-03-06 10:12:35
864397066235990,OPPO A57 (4+64GB),Gold,KGAD MOBIWORLD ! GREATER NOIDA,2023-03-06 10:18:08
862611060405199,OPPO A17 (4+64GB),Midnight Black,SANCHAR BHAWAN (GREATER NOIDA) ! GREATER NOIDA,2023-03-06 11:16:47
867443062816537,OPPO A77 (4+128GB),Sky Blue,KANIKA COMMUNICATION (HABIBPUR) ! GREATER NOIDA,2023-03-06 11:17:33
866102052025050,OPPO A55 (4+128GB),Starry Black,KANIKA COMMUNICATION (HABIBPUR) ! GREATER NOIDA,2023-03-06 11:18:20
864397063799311,OPPO A57 (4+64GB),Glowing Green,KANIKA COMMUNICATION (HABIBPUR) ! GREATER NOIDA,2023-03-06 11:19:14
862611060397016,OPPO A17 (4+64GB),Midnight Black,SANCHAR BHAWAN (GREATER NOIDA) ! GREATER NOIDA,2023-03-06 12:19:59
866194068264971,OPPO A78 5G (8+128GB),Glowing Black,KRISHNA TELECOM (GN) ! GREATER NOIDA,2023-03-06 13:20:43
866768069849698,OPPO A77 (4+128GB),Sunset Orange,Anuska mobile center 2 ! GREATER NOIDA,2023-03-06 13:27:10
860150062794252,OPPO A17K (3+64GB),Navy Blue,SHREE BALAJI MOBILE CENTER (KASNA) ! GREATER NOIDA,2023-03-06 14:16:51
866102050119251,OPPO A55 (4+128GB),Starry Black,Shyam Lal & Sons ! GREATER NOIDA,2023-03-06 14:48:28
866194068453715,OPPO A78 5G (8+128GB),Glowing Blue,Balaji Traders/Greater Noida ! GREATER NOIDA,2023-03-06 15:33:32
860489068751456,OPPO F21s Pro (8+128GB),Starlight Black,Balaji Traders/Greater Noida ! GREATER NOIDA,2023-03-06 15:34:17
862498069340936,OPPO A17 (4+64GB),Midnight Black,SHIV SHAKTI ELECTRONICS ! GREATER NOIDA,2023-03-06 16:04:53
867443063079010,OPPO A77 (4+128GB),Sky Blue,Shyam Lal & Sons ! GREATER NOIDA,2023-03-06 16:08:19
866194067523237,OPPO A78 5G (8+128GB),Glowing Black,V.K Mobile Point (HALDONI) ! GREATER NOIDA,2023-03-06 16:14:39
862498068566036,OPPO A17 (4+64GB),Lake Blue,Shyam Lal & Sons ! GREATER NOIDA,2023-03-06 16:26:14
867443061552638,OPPO A77 (4+128GB),Sunset Orange,Shyam Lal & Sons ! GREATER NOIDA,2023-03-06 16:27:38
866102052574719,OPPO A55 (4+128GB),Rainbow Blue,Noor Communication ! GREATER NOIDA,2023-03-06 16:48:13
866102051981238,OPPO A55 (4+128GB),Mint Green,S N COMMUNICATION (HALDONI) ! GREATER NOIDA,2023-03-06 16:54:12
862611063063375,OPPO A17 (4+64GB),Sunlight Orange,S N COMMUNICATION (HALDONI) ! GREATER NOIDA,2023-03-06 17:19:19
867443062888296,OPPO A77 (4+128GB),Sky Blue,SANCHAR BHAWAN (GREATER NOIDA) ! GREATER NOIDA,2023-03-06 17:27:58
866194066725312,OPPO A78 5G (8+128GB),Glowing Blue,Sanjay Communication(Sec-93) ! GREATER NOIDA,2023-03-06 17:43:56
862611062212593,OPPO A17 (4+64GB),Lake Blue,S N COMMUNICATION (HALDONI) ! GREATER NOIDA,2023-03-06 18:42:07
867443061513515,OPPO A77 (4+128GB),Sunset Orange,SANCHAR BHAWAN (GREATER NOIDA) ! GREATER NOIDA,2023-03-06 18:57:34
864397064455350,OPPO A57 (4+64GB),Glowing Black,V.K Mobile Point (HALDONI) ! GREATER NOIDA,2023-03-06 19:09:04
860150065732275,OPPO A17K (3+64GB),Navy Blue,S N COMMUNICATION (HALDONI) ! GREATER NOIDA,2023-03-06 19:39:02
863461060579216,OPPO A77s (8+128GB),Starry Black,S N COMMUNICATION (HALDONI) ! GREATER NOIDA,2023-03-06 19:44:32
862611064304158,OPPO A17 (4+64GB),Lake Blue,Anuska mobile center 2 ! GREATER NOIDA,2023-03-06 19:58:43
862498068842510,OPPO A17 (4+64GB),Sunlight Orange,Noor Communication ! GREATER NOIDA,2023-03-06 20:02:00
867426065037912,OPPO Reno8 T 5G (8+128GB),Sunrise Gold,SHREE BALAJI COMMUNICATION (SURAJPUR) ! GREATER NOIDA,2023-03-06 20:06:18
866102052575294,OPPO A55 (4+128GB),Rainbow Blue,KANIKA COMMUNICATION (HABIBPUR) ! GREATER NOIDA,2023-03-06 20:33:34
863461061090478,OPPO A77s (8+128GB),Starry Black,BRS ELECTRONICS (KASNA) ! GREATER NOIDA,2023-03-06 20:41:57
864463068448856,OPPO A77s (8+128GB),Sunset Orange,Noor Communication ! GREATER NOIDA,2023-03-06 20:51:01
860150064259114,OPPO A17K (3+64GB),Gold,BALAJI MOBILE & ELECTRONICS (DADRI) ! GREATER NOIDA,2023-03-06 21:04:10
860150065735054,OPPO A17K (3+64GB),Navy Blue,BALAJI MOBILE & ELECTRONICS (DADRI) ! GREATER NOIDA,2023-03-06 21:04:44
867443062880814,OPPO A77 (4+128GB),Sky Blue,S N COMMUNICATION (HALDONI) ! GREATER NOIDA,2023-03-06 21:13:30
867443062887892,OPPO A77 (4+128GB),Sky Blue,S N COMMUNICATION (HALDONI) ! GREATER NOIDA,2023-03-06 21:14:06
866194068261399,OPPO A78 5G (8+128GB),Glowing Black,Jai Ambey Communication ! GREATER NOIDA,2023-03-06 21:18:06
866102052575252,OPPO A55 (4+128GB),Rainbow Blue,Jai Ambey Communication ! GREATER NOIDA,2023-03-06 21:18:49
867443062882851,OPPO A77 (4+128GB),Sky Blue,SHRIB SAHIB JI MOBILE SOLUTION-2 ! GREATER NOIDA,2023-03-06 21:37:14
866768068284699,OPPO A77 (4+128GB),Sunset Orange,SHRIB SAHIB JI MOBILE SOLUTION-2 ! GREATER NOIDA,2023-03-06 21:37:14
863461060591294,OPPO A77s (8+128GB),Starry Black,SHRIB SAHIB JI MOBILE SOLUTION-2 ! GREATER NOIDA,2023-03-06 21:37:14
864397064046118,OPPO A57 (4+64GB),Glowing Green,SHREE BALAJI MOBILE CENTER (KASNA) ! GREATER NOIDA,2023-03-06 21:45:10
863461060298197,OPPO A77s (8+128GB),Starry Black,NEW RADHEY ELECTRONICS & MOBILE CENTER ! GREATER NOIDA,2023-03-06 21:59:15
867443061586354,OPPO A77 (4+128GB),Sunset Orange,NEW RADHEY ELECTRONICS & MOBILE CENTER ! GREATER NOIDA,2023-03-06 22:00:07
867443063079176,OPPO A77 (4+128GB),Sky Blue,Royal mobile house and electronics ! GREATER NOIDA,2023-03-06 22:03:18
866194068453830,OPPO A78 5G (8+128GB),Glowing Blue,Royal mobile house and electronics ! GREATER NOIDA,2023-03-06 22:03:35
862611062976874,OPPO A17 (4+64GB),Lake Blue,Royal mobile house and electronics ! GREATER NOIDA,2023-03-06 22:03:52
864397065638152,OPPO A57 (4+64GB),Glowing Green,Noor Communication ! GREATER NOIDA,2023-03-06 22:10:42
866102052318711,OPPO A55 (4+128GB),Starry Black,Noor Communication ! GREATER NOIDA,2023-03-06 22:12:12
866194067646111,OPPO A78 5G (8+128GB),Glowing Blue,Noble Mobile Shope ! GREATER NOIDA,2023-03-06 22:14:11
860109068157039,OPPO A17K (3+64GB),Blue,Noble Mobile Shope ! GREATER NOIDA,2023-03-06 22:14:35
867443062815653,OPPO A77 (4+128GB),Sky Blue,Noble Mobile Shope ! GREATER NOIDA,2023-03-06 22:15:00
862498069391392,OPPO A17 (4+64GB),Midnight Black,S N COMMUNICATION (HALDONI) ! GREATER NOIDA,2023-03-06 22:16:06
862047067622918,OPPO A17 (4+64GB),Lake Blue,V.K Mobile Point (HALDONI) ! GREATER NOIDA,2023-03-06 22:26:01
867426064184590,OPPO Reno8 T 5G (8+128GB),Midnight Black,VISHAL MOBILE HOUSE ! GREATER NOIDA,2023-03-06 23:48:16
862611061204732,OPPO A17 (4+64GB),Lake Blue,Jai Ambey Communication ! GREATER NOIDA,2023-03-07 11:17:54
866194068451552,OPPO A78 5G (8+128GB),Glowing Blue,Shyam Lal & Sons ! GREATER NOIDA,2023-03-07 11:25:58
867443062818053,OPPO A77 (4+128GB),Sky Blue,Shyam Lal & Sons ! GREATER NOIDA,2023-03-07 11:36:02
864397061579798,OPPO A57 (4+64GB),Gold,V.K Mobile Point (HALDONI) ! GREATER NOIDA,2023-03-07 11:45:20
866194065827390,OPPO A78 5G (8+128GB),Glowing Blue,Noor Communication ! GREATER NOIDA,2023-03-07 11:49:19
862498069379579,OPPO A17 (4+64GB),Midnight Black,Jai Ambey Communication ! GREATER NOIDA,2023-03-07 12:16:42
864397064260917,OPPO A57 (4+64GB),Gold,Balaji Traders/Greater Noida ! GREATER NOIDA,2023-03-07 12:28:43
867426065622614,OPPO Reno8 T 5G (8+128GB),Midnight Black,BALAJI MOBILE & ELECTRONICS (DADRI) ! GREATER NOIDA,2023-03-07 13:00:59
864397064270734,OPPO A57 (4+64GB),Gold,SANCHAR BHAWAN (GREATER NOIDA) ! GREATER NOIDA,2023-03-07 13:05:14
862611063947759,OPPO A17 (4+64GB),Midnight Black,SANCHAR BHAWAN (GREATER NOIDA) ! GREATER NOIDA,2023-03-07 13:34:49
862611063946090,OPPO A17 (4+64GB),Midnight Black,I Store ! GREATER NOIDA,2023-03-07 13:39:51
867443062888718,OPPO A77 (4+128GB),Sky Blue,VISHAL MOBILE HOUSE ! GREATER NOIDA,2023-03-07 13:43:33
864397063886753,OPPO A57 (4+64GB),Gold,SANCHAR BHAWAN (GREATER NOIDA) ! GREATER NOIDA,2023-03-07 13:45:58
866102052645774,OPPO A55 (4+128GB),Rainbow Blue,JAGDAMBA MOBILE HUB (JAGAT FARM) ! GREATER NOIDA,2023-03-07 14:13:41
862611061368776,OPPO A17 (4+64GB),Lake Blue,SHREE BALAJI MOBILE CENTER (KASNA) ! GREATER NOIDA,2023-03-07 14:14:45
867443062888437,OPPO A77 (4+128GB),Sky Blue,KANIKA COMMUNICATION (HABIBPUR) ! GREATER NOIDA,2023-03-07 14:17:41
863461060347614,OPPO A77s (8+128GB),Starry Black,Noor Communication ! GREATER NOIDA,2023-03-07 14:32:09
864397064202315,OPPO A57 (4+64GB),Gold,Noor Communication ! GREATER NOIDA,2023-03-07 15:04:11
860150062863511,OPPO A17K (3+64GB),Navy Blue,Noor Communication ! GREATER NOIDA,2023-03-07 15:18:40
863461060554896,OPPO A77s (8+128GB),Starry Black,S N COMMUNICATION (HALDONI) ! GREATER NOIDA,2023-03-07 15:27:30
862498069392598,OPPO A17 (4+64GB),Midnight Black,S N COMMUNICATION (HALDONI) ! GREATER NOIDA,2023-03-07 15:27:55
862611060882835,OPPO A17 (4+64GB),Sunlight Orange,BALAJI MOBILE & ELECTRONICS (DADRI) ! GREATER NOIDA,2023-03-07 15:34:43
866102052584577,OPPO A55 (4+128GB),Rainbow Blue,I Store ! GREATER NOIDA,2023-03-07 15:39:08
867443062256478,OPPO A77 (4+128GB),Sky Blue,V.K Mobile Point (HALDONI) ! GREATER NOIDA,2023-03-07 15:39:42
866194067004113,OPPO A78 5G (8+128GB),Glowing Blue,Anuska mobile center 2 ! GREATER NOIDA,2023-03-07 16:11:09
867443062753490,OPPO A77 (4+128GB),Sunset Orange,Computer Wizard ! GREATER NOIDA,2023-03-07 16:43:22
864397066069837,OPPO A57 (4+64GB),Glowing Black,KRISHNA TELECOM (GN) ! GREATER NOIDA,2023-03-07 16:43:33
866102052827653,OPPO A55 (4+128GB),Starry Black,SHREE BALAJI MOBILE CENTER (KASNA) ! GREATER NOIDA,2023-03-07 17:03:15
864397065637618,OPPO A57 (4+64GB),Glowing Green,SHREE BALAJI MOBILE CENTER (KASNA) ! GREATER NOIDA,2023-03-07 17:09:22
867443062888031,OPPO A77 (4+128GB),Sky Blue,KANIKA COMMUNICATION (HABIBPUR) ! GREATER NOIDA,2023-03-07 17:15:04
864397065989936,OPPO A57 (4+64GB),Glowing Black,Noor Communication ! GREATER NOIDA,2023-03-07 17:18:13
864397066596110,OPPO A57 (4+64GB),Gold,NEW RADHEY ELECTRONICS & MOBILE CENTER ! GREATER NOIDA,2023-03-07 17:18:29
863534060065830,OPPO F21s Pro (8+128GB),Dawnlight Gold,Noor Communication ! GREATER NOIDA,2023-03-07 17:18:40
862498069783259,OPPO A17 (4+64GB),Midnight Black,Noor Communication ! GREATER NOIDA,2023-03-07 17:19:47
862498068220139,OPPO A17 (4+64GB),Midnight Black,BALAJI MOBILE & ELECTRONICS (DADRI) ! GREATER NOIDA,2023-03-07 17:20:57
864397064638294,OPPO A57 (4+64GB),Glowing Black,SHREE BALAJI MOBILE CENTER (KASNA) ! GREATER NOIDA,2023-03-07 17:30:15
864397065991031,OPPO A57 (4+64GB),Glowing Black,SHREE BALAJI MOBILE CENTER (KASNA) ! GREATER NOIDA,2023-03-07 17:38:49
860109066557750,OPPO A17K (3+64GB),Navy Blue,Noor Communication ! GREATER NOIDA,2023-03-07 17:44:49
866194067229470,OPPO A78 5G (8+128GB),Glowing Blue,Noor Communication ! GREATER NOIDA,2023-03-07 17:45:55
864397065481074,OPPO A57 (4+64GB),Gold,SANCHAR BHAWAN (GREATER NOIDA) ! GREATER NOIDA,2023-03-07 17:52:13
864397066445730,OPPO A57 (4+64GB),Glowing Green,Noor Communication ! GREATER NOIDA,2023-03-07 18:20:04
860150064710314,OPPO A17K (3+64GB),Blue,Anuska mobile center 2 ! GREATER NOIDA,2023-03-07 18:35:39
867426065346214,OPPO Reno8 T 5G (8+128GB),Sunrise Gold,S N COMMUNICATION (HALDONI) ! GREATER NOIDA,2023-03-07 18:36:59
860489068009210,OPPO F21s Pro (8+128GB),Starlight Black,Shyam Lal & Sons ! GREATER NOIDA,2023-03-07 18:44:14
866102053168354,OPPO A55 (4+128GB),Mint Green,AMBE SOFTWARE & HARDWARE REP CENTRE (DADRI) ! GREATER NOIDA,2023-03-07 18:54:09
860109063784373,OPPO A17K (3+64GB),Gold,Anuska mobile center 2 ! GREATER NOIDA,2023-03-07 18:56:17
864397068152359,OPPO A57 (4+64GB),Glowing Black,Noor Communication ! GREATER NOIDA,2023-03-07 19:08:13
862611061375839,OPPO A17 (4+64GB),Midnight Black,Jai Ambey Communication ! GREATER NOIDA,2023-03-07 19:13:18
866102052318570,OPPO A55 (4+128GB),Starry Black,Jai Ambey Communication ! GREATER NOIDA,2023-03-07 19:17:09
860150066075757,OPPO A17K (3+64GB),Blue,S N COMMUNICATION (HALDONI) ! GREATER NOIDA,2023-03-07 19:29:11
863534060037516,OPPO F21s Pro (8+128GB),Dawnlight Gold,TOMAR ELECTRONICS ! GREATER NOIDA,2023-03-07 19:46:13
864397064441418,OPPO A57 (4+64GB),Glowing Black,Sanjay Communication(Sec-93) ! GREATER NOIDA,2023-03-07 20:11:28
866102051981071,OPPO A55 (4+128GB),Mint Green,Sanjay Communication(Sec-93) ! GREATER NOIDA,2023-03-07 20:12:58
862498069782038,OPPO A17 (4+64GB),Midnight Black,Sanjay Communication(Sec-93) ! GREATER NOIDA,2023-03-07 20:14:05
867443063078095,OPPO A77 (4+128GB),Sky Blue,S N COMMUNICATION (HALDONI) ! GREATER NOIDA,2023-03-07 20:15:25
862611061380755,OPPO A17 (4+64GB),Lake Blue,S N COMMUNICATION (HALDONI) ! GREATER NOIDA,2023-03-07 20:15:47
867443062882398,OPPO A77 (4+128GB),Sky Blue,S N COMMUNICATION (HALDONI) ! GREATER NOIDA,2023-03-07 20:16:06
862611063303813,OPPO A17 (4+64GB),Sunlight Orange,S N COMMUNICATION (HALDONI) ! GREATER NOIDA,2023-03-07 20:17:02
862611061382496,OPPO A17 (4+64GB),Lake Blue,S N COMMUNICATION (HALDONI) ! GREATER NOIDA,2023-03-07 20:23:45
860150066075872,OPPO A17K (3+64GB),Blue,BRS ELECTRONICS (KASNA) ! GREATER NOIDA,2023-03-07 20:28:22
862611060417319,OPPO A17 (4+64GB),Midnight Black,TOMAR ELECTRONICS ! GREATER NOIDA,2023-03-07 20:36:43
862611062217014,OPPO A17 (4+64GB),Lake Blue,TOMAR ELECTRONICS ! GREATER NOIDA,2023-03-07 20:36:54
862047068584174,OPPO A17 (4+64GB),Sunlight Orange,TOMAR ELECTRONICS ! GREATER NOIDA,2023-03-07 20:37:11
867426064654071,OPPO Reno8 T 5G (8+128GB),Sunrise Gold,BRS ELECTRONICS (KASNA) ! GREATER NOIDA,2023-03-07 20:45:00
867443062880715,OPPO A77 (4+128GB),Sky Blue,S N COMMUNICATION (HALDONI) ! GREATER NOIDA,2023-03-07 20:47:57
862611064304133,OPPO A17 (4+64GB),Lake Blue,SHIV SHAKTI ELECTRONICS ! GREATER NOIDA,2023-03-07 21:02:45
863534060066333,OPPO F21s Pro (8+128GB),Dawnlight Gold,Noor Communication ! GREATER NOIDA,2023-03-07 21:18:45
862498069738790,OPPO A17 (4+64GB),Midnight Black,Noor Communication ! GREATER NOIDA,2023-03-07 21:19:26
864904061539936,OPPO F21s Pro 5G (8+128GB),Dawnlight Gold,S N COMMUNICATION (HALDONI) ! GREATER NOIDA,2023-03-07 21:33:24
867443061513473,OPPO A77 (4+128GB),Sunset Orange,Noor Communication ! GREATER NOIDA,2023-03-07 21:37:31
867443063085116,OPPO A77 (4+128GB),Sky Blue,S N COMMUNICATION (HALDONI) ! GREATER NOIDA,2023-03-07 21:54:39
866102052414536,OPPO A55 (4+128GB),Starry Black,Noor Communication ! GREATER NOIDA,2023-03-07 22:04:49
867426064402018,OPPO Reno8 T 5G (8+128GB),Sunrise Gold,Noor Communication ! GREATER NOIDA,2023-03-07 22:10:40
862611061380458,OPPO A17 (4+64GB),Lake Blue,S N COMMUNICATION (HALDONI) ! GREATER NOIDA,2023-03-07 22:31:30
860489061946517,OPPO F21s Pro (8+128GB),Starlight Black,KANIKA COMMUNICATION (HABIBPUR) ! GREATER NOIDA,2023-03-07 23:00:40
867426065515016,OPPO Reno8 T 5G (8+128GB),Sunrise Gold,KANIKA COMMUNICATION (HABIBPUR) ! GREATER NOIDA,2023-03-07 23:01:06
867443062883016,OPPO A77 (4+128GB),Sky Blue,KANIKA COMMUNICATION (HABIBPUR) ! GREATER NOIDA,2023-03-07 23:05:38
867443061513416,OPPO A77 (4+128GB),Sunset Orange,KANIKA COMMUNICATION (HABIBPUR) ! GREATER NOIDA,2023-03-07 23:06:11
864397063974336,OPPO A57 (4+64GB),Gold,KANIKA COMMUNICATION (HABIBPUR) ! GREATER NOIDA,2023-03-07 23:07:43
864397065803392,OPPO A57 (4+64GB),Glowing Green,S N COMMUNICATION (HALDONI) ! GREATER NOIDA,2023-03-07 23:10:21
864397065400058,OPPO A57 (4+64GB),Gold,Noor Communication ! GREATER NOIDA,2023-03-08 11:29:15
862498068837577,OPPO A17 (4+64GB),Sunlight Orange,S N COMMUNICATION (HALDONI) ! GREATER NOIDA,2023-03-08 13:14:52
864397062913277,OPPO A57 (4+64GB),Glowing Black,S N COMMUNICATION (HALDONI) ! GREATER NOIDA,2023-03-08 13:52:10
864397064270650,OPPO A57 (4+64GB),Gold,Noor Communication ! GREATER NOIDA,2023-03-08 14:11:52
867443062949775,OPPO A77 (4+128GB),Sky Blue,Noor Communication ! GREATER NOIDA,2023-03-08 18:13:15
860150066044431,OPPO A17K (3+64GB),Blue,V.K Mobile Point (HALDONI) ! GREATER NOIDA,2023-03-08 18:44:28
862498068839334,OPPO A17 (4+64GB),Sunlight Orange,S N COMMUNICATION (HALDONI) ! GREATER NOIDA,2023-03-08 18:48:10
867443062950013,OPPO A77 (4+128GB),Sky Blue,Noor Communication ! GREATER NOIDA,2023-03-08 18:50:29
862611064298913,OPPO A17 (4+64GB),Lake Blue,Noor Communication ! GREATER NOIDA,2023-03-08 19:29:34
866194069452575,OPPO A78 5G (8+128GB),Glowing Black,Noor Communication ! GREATER NOIDA,2023-03-08 19:33:47
867443062882935,OPPO A77 (4+128GB),Sky Blue,S N COMMUNICATION (HALDONI) ! GREATER NOIDA,2023-03-08 19:41:44
867443063081495,OPPO A77 (4+128GB),Sky Blue,V.K Mobile Point (HALDONI) ! GREATER NOIDA,2023-03-08 20:19:28
862611060557270,OPPO A17 (4+64GB),Sunlight Orange,KGAD MOBIWORLD ! GREATER NOIDA,2023-03-09 09:10:02
864397066069852,OPPO A57 (4+64GB),Glowing Black,KGAD MOBIWORLD ! GREATER NOIDA,2023-03-09 09:10:22
862498069367111,OPPO A17 (4+64GB),Midnight Black,KGAD MOBIWORLD ! GREATER NOIDA,2023-03-09 09:10:53
862611064304174,OPPO A17 (4+64GB),Lake Blue,KGAD MOBIWORLD ! GREATER NOIDA,2023-03-09 09:11:33
867426065644253,OPPO Reno8 T 5G (8+128GB),Midnight Black,KGAD MOBIWORLD ! GREATER NOIDA,2023-03-09 09:11:57
860150063644290,OPPO A17K (3+64GB),Gold,V.K Mobile Point (HALDONI) ! GREATER NOIDA,2023-03-09 10:41:55
866194067981757,OPPO A78 5G (8+128GB),Glowing Black,I Store ! GREATER NOIDA,2023-03-09 11:12:19
866194069451890,OPPO A78 5G (8+128GB),Glowing Black,V.K Mobile Point (HALDONI) ! GREATER NOIDA,2023-03-09 11:35:03
867443062255058,OPPO A77 (4+128GB),Sky Blue,V.K Mobile Point (HALDONI) ! GREATER NOIDA,2023-03-09 11:36:36
864397066058772,OPPO A57 (4+64GB),Glowing Black,BALAJI MOBILE & ELECTRONICS (DADRI) ! GREATER NOIDA,2023-03-09 12:03:56
864904060191978,OPPO F21s Pro 5G (8+128GB),Dawnlight Gold,SHRIB SAHIB JI MOBILE SOLUTION-2 ! GREATER NOIDA,2023-03-09 12:08:00
862498068842890,OPPO A17 (4+64GB),Sunlight Orange,Noor Communication ! GREATER NOIDA,2023-03-09 12:20:55
862611061930476,OPPO A17 (4+64GB),Lake Blue,SHREE BALAJI COMMUNICATION (SURAJPUR) ! GREATER NOIDA,2023-03-09 12:39:41
862611063948617,OPPO A17 (4+64GB),Midnight Black,Noor Communication ! GREATER NOIDA,2023-03-09 12:41:29
867426065119355,OPPO Reno8 T 5G (8+128GB),Sunrise Gold,Noor Communication ! GREATER NOIDA,2023-03-09 12:41:59
864397064881290,OPPO A57 (4+64GB),Glowing Green,S N COMMUNICATION (HALDONI) ! GREATER NOIDA,2023-03-09 13:11:15
864904060197819,OPPO F21s Pro 5G (8+128GB),Dawnlight Gold,SHRIB SAHIB JI MOBILE SOLUTION-2 ! GREATER NOIDA,2023-03-09 13:30:51
867443063079275,OPPO A77 (4+128GB),Sky Blue,Shyam Lal & Sons ! GREATER NOIDA,2023-03-09 13:56:51
862611061954195,OPPO A17 (4+64GB),Lake Blue,KRISHNA TELECOM (GN) ! GREATER NOIDA,2023-03-09 14:34:41
867426064654014,OPPO Reno8 T 5G (8+128GB),Sunrise Gold,Shyam Lal & Sons ! GREATER NOIDA,2023-03-09 14:39:32
866102051478714,OPPO A55 (4+128GB),Rainbow Blue,Jai Ambey Communication ! GREATER NOIDA,2023-03-09 15:04:42
866194069404154,OPPO A78 5G (8+128GB),Glowing Blue,Noor Communication ! GREATER NOIDA,2023-03-09 15:10:22
860109062589252,OPPO A17K (3+64GB),Navy Blue,KASHISH COMMUNICATION ! GREATER NOIDA,2023-03-09 15:11:34
863534060387192,OPPO F21s Pro (8+128GB),Starlight Black,KASHISH COMMUNICATION ! GREATER NOIDA,2023-03-09 15:12:43
863461060292893,OPPO A77s (8+128GB),Starry Black,KASHISH COMMUNICATION ! GREATER NOIDA,2023-03-09 15:14:14
862498067029390,OPPO A17 (4+64GB),Midnight Black,KASHISH COMMUNICATION ! GREATER NOIDA,2023-03-09 15:15:44
860489069967333,OPPO F21s Pro (8+128GB),Starlight Black,Shyam Lal & Sons ! GREATER NOIDA,2023-03-09 15:22:06
866194069051492,OPPO A78 5G (8+128GB),Glowing Blue,SHRIB SAHIB JI MOBILE SOLUTION-2 ! GREATER NOIDA,2023-03-09 16:10:46
860150066359656,OPPO A17K (3+64GB),Gold,Jai Ambey Communication ! GREATER NOIDA,2023-03-09 16:13:25
867426064227415,OPPO Reno8 T 5G (8+128GB),Midnight Black,SHREE BALAJI COMMUNICATION (SURAJPUR) ! GREATER NOIDA,2023-03-09 16:37:39
864463068372759,OPPO A77s (8+128GB),Sunset Orange,S N COMMUNICATION (HALDONI) ! GREATER NOIDA,2023-03-09 16:44:33
867443062950039,OPPO A77 (4+128GB),Sky Blue,Shyam Lal & Sons ! GREATER NOIDA,2023-03-09 16:48:16
862498069389339,OPPO A17 (4+64GB),Midnight Black,I Store ! GREATER NOIDA,2023-03-09 17:21:41
864904061369276,OPPO F21s Pro 5G (8+128GB),Dawnlight Gold,BALAJI MOBILE & ELECTRONICS (DADRI) ! GREATER NOIDA,2023-03-09 17:22:18
863534060379330,OPPO F21s Pro (8+128GB),Dawnlight Gold,S N COMMUNICATION (HALDONI) ! GREATER NOIDA,2023-03-09 18:47:32
866194069453078,OPPO A78 5G (8+128GB),Glowing Black,I Store ! GREATER NOIDA,2023-03-09 18:59:02
862498068776718,OPPO A17 (4+64GB),Sunlight Orange,Jai Ambey Communication ! GREATER NOIDA,2023-03-09 19:01:38
866102051579891,OPPO A55 (4+128GB),Mint Green,Jai Ambey Communication ! GREATER NOIDA,2023-03-09 19:06:02
867443063069078,OPPO A77 (4+128GB),Sky Blue,Jai Ambey Communication ! GREATER NOIDA,2023-03-09 19:07:05
864397068152672,OPPO A57 (4+64GB),Glowing Black,Computer Wizard ! GREATER NOIDA,2023-03-09 19:18:04
862498066180137,OPPO A17 (4+64GB),Lake Blue,Noor Communication ! GREATER NOIDA,2023-03-09 19:20:52
864397064266518,OPPO A57 (4+64GB),Gold,S N COMMUNICATION (HALDONI) ! GREATER NOIDA,2023-03-09 19:28:04
866102051589494,OPPO A55 (4+128GB),Mint Green,S N COMMUNICATION (HALDONI) ! GREATER NOIDA,2023-03-09 19:34:59
864397066298113,OPPO A57 (4+64GB),Glowing Green,S N COMMUNICATION (HALDONI) ! GREATER NOIDA,2023-03-09 19:51:43
864904060509070,OPPO F21s Pro 5G (8+128GB),Starlight Black,SHRIB SAHIB JI MOBILE SOLUTION-2 ! GREATER NOIDA,2023-03-09 20:19:31
864397063304757,OPPO A57 (4+64GB),Glowing Green,SHRIB SAHIB JI MOBILE SOLUTION-2 ! GREATER NOIDA,2023-03-09 20:19:45
860109069515599,OPPO A17K (3+64GB),Gold,MATRIX NETWORK MOBILE STORE ! GREATER NOIDA,2023-03-09 20:34:04
862047068774155,OPPO A17 (4+64GB),Sunlight Orange,MOBILE SHINGAR (DADRI) ! GREATER NOIDA,2023-03-09 20:35:24
864397061805110,OPPO A57 (4+64GB),Glowing Green,A TO Z MOBILE ! GREATER NOIDA,2023-03-09 20:35:52
864397061816018,OPPO A57 (4+64GB),Glowing Green,YASH SANCHAR WORLD ! GREATER NOIDA,2023-03-09 20:36:10
860150062862596,OPPO A17K (3+64GB),Navy Blue,Royal mobile house and electronics ! GREATER NOIDA,2023-03-09 20:37:10
862498068840134,OPPO A17 (4+64GB),Sunlight Orange,Royal mobile house and electronics ! GREATER NOIDA,2023-03-09 20:37:22
862611060883411,OPPO A17 (4+64GB),Sunlight Orange,Royal mobile house and electronics ! GREATER NOIDA,2023-03-09 20:37:35
862611064301634,OPPO A17 (4+64GB),Lake Blue,Royal mobile house and electronics ! GREATER NOIDA,2023-03-09 20:37:47
862611064301832,OPPO A17 (4+64GB),Lake Blue,Royal mobile house and electronics ! GREATER NOIDA,2023-03-09 20:37:59
860150064449913,OPPO A17K (3+64GB),Gold,Noor Communication ! GREATER NOIDA,2023-03-09 20:38:08
864397064133593,OPPO A57 (4+64GB),Glowing Green,Royal mobile house and electronics ! GREATER NOIDA,2023-03-09 20:38:11
864397065638376,OPPO A57 (4+64GB),Glowing Green,Royal mobile house and electronics ! GREATER NOIDA,2023-03-09 20:38:24
864463063431055,OPPO A77s (8+128GB),Sunset Orange,Royal mobile house and electronics ! GREATER NOIDA,2023-03-09 20:38:35
866102051979554,OPPO A55 (4+128GB),Mint Green,Royal mobile house and electronics ! GREATER NOIDA,2023-03-09 20:38:49
866194068268253,OPPO A78 5G (8+128GB),Glowing Black,Royal mobile house and electronics ! GREATER NOIDA,2023-03-09 20:39:01
866102052243174,OPPO A55 (4+128GB),Starry Black,Royal mobile house and electronics ! GREATER NOIDA,2023-03-09 20:39:02
866102052649693,OPPO A55 (4+128GB),Rainbow Blue,Royal mobile house and electronics ! GREATER NOIDA,2023-03-09 20:39:13
867426064655052,OPPO Reno8 T 5G (8+128GB),Sunrise Gold,Royal mobile house and electronics ! GREATER NOIDA,2023-03-09 20:40:03
866102052942452,OPPO A55 (4+128GB),Starry Black,I Store ! GREATER NOIDA,2023-03-09 20:41:30
860150064894993,OPPO A17K (3+64GB),Blue,Noor Communication ! GREATER NOIDA,2023-03-09 20:43:42
863534060376799,OPPO F21s Pro (8+128GB),Dawnlight Gold,S N COMMUNICATION (HALDONI) ! GREATER NOIDA,2023-03-09 20:43:59
866102052645592,OPPO A55 (4+128GB),Rainbow Blue,BALAJI MOBILE & ELECTRONICS (DADRI) ! GREATER NOIDA,2023-03-09 20:56:41
864397065254976,OPPO A57 (4+64GB),Gold,Sanjay Communication(Sec-93) ! GREATER NOIDA,2023-03-09 20:59:31
860109069517231,OPPO A17K (3+64GB),Gold,Royal mobile house and electronics ! GREATER NOIDA,2023-03-09 21:03:49
864397067063979,OPPO A57 (4+64GB),Gold,Royal mobile house and electronics ! GREATER NOIDA,2023-03-09 21:07:30
864397066103115,OPPO A57 (4+64GB),Glowing Black,TOMAR ELECTRONICS ! GREATER NOIDA,2023-03-09 21:08:20
867443061552919,OPPO A77 (4+128GB),Sunset Orange,Jai Ambey Communication ! GREATER NOIDA,2023-03-09 21:40:58
866194069806036,OPPO A78 5G (8+128GB),Glowing Black,Jai Ambey Communication ! GREATER NOIDA,2023-03-09 21:44:39
860150064895859,OPPO A17K (3+64GB),Blue,Noble Mobile Shope ! GREATER NOIDA,2023-03-09 21:57:58
866102052414718,OPPO A55 (4+128GB),Starry Black,Noble Mobile Shope ! GREATER NOIDA,2023-03-09 21:58:39
867426065644675,OPPO Reno8 T 5G (8+128GB),Midnight Black,Noble Mobile Shope ! GREATER NOIDA,2023-03-09 21:59:08
864397066105599,OPPO A57 (4+64GB),Glowing Black,BRS ELECTRONICS (KASNA) ! GREATER NOIDA,2023-03-09 22:10:14
867426066093450,OPPO Reno8 T 5G (8+128GB),Sunrise Gold,BRS ELECTRONICS (KASNA) ! GREATER NOIDA,2023-03-09 22:10:59
862611061372034,OPPO A17 (4+64GB),Lake Blue,BRS ELECTRONICS (KASNA) ! GREATER NOIDA,2023-03-09 22:11:30
867443063077576,OPPO A77 (4+128GB),Sky Blue,BRS ELECTRONICS (KASNA) ! GREATER NOIDA,2023-03-09 22:12:11
860489066754676,OPPO F21s Pro (8+128GB),Starlight Black,BRS ELECTRONICS (KASNA) ! GREATER NOIDA,2023-03-09 22:13:07
866875069073318,OPPO F21s Pro 5G (8+128GB),Starlight Black,Noor Communication ! GREATER NOIDA,2023-03-09 22:34:13
866194069453193,OPPO A78 5G (8+128GB),Glowing Black,Noor Communication ! GREATER NOIDA,2023-03-09 22:35:02
866102051982418,OPPO A55 (4+128GB),Mint Green,NEW RADHEY ELECTRONICS & MOBILE CENTER ! GREATER NOIDA,2023-03-09 22:44:07
866194069403479,OPPO A78 5G (8+128GB),Glowing Blue,NEW RADHEY ELECTRONICS & MOBILE CENTER ! GREATER NOIDA,2023-03-09 22:44:39
860489067912695,OPPO F21s Pro (8+128GB),Starlight Black,KANIKA COMMUNICATION (HABIBPUR) ! GREATER NOIDA,2023-03-09 23:20:18
862498065353396,OPPO A17 (4+64GB),Midnight Black,KANIKA COMMUNICATION (HABIBPUR) ! GREATER NOIDA,2023-03-09 23:20:40
863534060306275,OPPO F21s Pro (8+128GB),Dawnlight Gold,KANIKA COMMUNICATION (HABIBPUR) ! GREATER NOIDA,2023-03-09 23:21:11
863581060888190,OPPO A57 (4+64GB),Glowing Green,KANIKA COMMUNICATION (HABIBPUR) ! GREATER NOIDA,2023-03-09 23:21:54
864463067698576,OPPO A77s (8+128GB),Starry Black,KANIKA COMMUNICATION (HABIBPUR) ! GREATER NOIDA,2023-03-09 23:22:18
866102052586358,OPPO A55 (4+128GB),Rainbow Blue,KANIKA COMMUNICATION (HABIBPUR) ! GREATER NOIDA,2023-03-09 23:22:43
867426064402257,OPPO Reno8 T 5G (8+128GB),Sunrise Gold,KANIKA COMMUNICATION (HABIBPUR) ! GREATER NOIDA,2023-03-09 23:23:10
862611061208477,OPPO A17 (4+64GB),Lake Blue,KGAD MOBIWORLD ! GREATER NOIDA,2023-03-10 06:00:36
862611064306294,OPPO A17 (4+64GB),Lake Blue,KGAD MOBIWORLD ! GREATER NOIDA,2023-03-10 06:00:57
864397065224177,OPPO A57 (4+64GB),Gold,KGAD MOBIWORLD ! GREATER NOIDA,2023-03-10 06:01:16
866194069051658,OPPO A78 5G (8+128GB),Glowing Blue,KGAD MOBIWORLD ! GREATER NOIDA,2023-03-10 06:01:38
866194069805814,OPPO A78 5G (8+128GB),Glowing Black,KGAD MOBIWORLD ! GREATER NOIDA,2023-03-10 06:01:56
867443062753771,OPPO A77 (4+128GB),Sunset Orange,Jai Ambey Communication ! GREATER NOIDA,2023-03-10 10:48:48
864397061003153,OPPO A57 (4+64GB),Gold,JAGDAMBA MOBILE HUB (JAGAT FARM) ! GREATER NOIDA,2023-03-10 11:02:28
860150063670790,OPPO A17K (3+64GB),Blue,VISHAL MOBILE HOUSE ! GREATER NOIDA,2023-03-10 11:22:52
860109066554872,OPPO A17K (3+64GB),Navy Blue,VISHAL MOBILE HOUSE ! GREATER NOIDA,2023-03-10 11:36:52
864397066290698,OPPO A57 (4+64GB),Glowing Green,KRISHNA TELECOM (GN) ! GREATER NOIDA,2023-03-10 11:49:42
860489067009179,OPPO F21s Pro (8+128GB),Dawnlight Gold,Shyam Lal & Sons ! GREATER NOIDA,2023-03-10 12:42:22
860118052399317,OPPO A76 (6+128GB),Glowing Black,S.M TRADER (KASNA) ! GREATER NOIDA,2023-03-10 13:42:38
866194067924237,OPPO A78 5G (8+128GB),Glowing Blue,S.M TRADER (KASNA) ! GREATER NOIDA,2023-03-10 13:42:38
860150066355159,OPPO A17K (3+64GB),Gold,V.K Mobile Point (HALDONI) ! GREATER NOIDA,2023-03-10 14:00:00
867426065727371,OPPO Reno8 T 5G (8+128GB),Midnight Black,Jai Ambey Communication ! GREATER NOIDA,2023-03-10 14:10:56
866102052827679,OPPO A55 (4+128GB),Starry Black,SHREE BALAJI MOBILE CENTER (KASNA) ! GREATER NOIDA,2023-03-10 14:14:03
864397063680594,OPPO A57 (4+64GB),Glowing Black,Shyam Lal & Sons ! GREATER NOIDA,2023-03-10 14:23:01
862498069703018,OPPO A17 (4+64GB),Midnight Black,SHREE BALAJI COMMUNICATION (SURAJPUR) ! GREATER NOIDA,2023-03-10 14:53:54
866102052109219,OPPO A55 (4+128GB),Starry Black,SHRIB SAHIB JI MOBILE SOLUTION-2 ! GREATER NOIDA,2023-03-10 14:54:26
864397066069977,OPPO A57 (4+64GB),Glowing Black,KRISHNA TELECOM (GN) ! GREATER NOIDA,2023-03-10 15:10:10
864397066104055,OPPO A57 (4+64GB),Glowing Black,S N COMMUNICATION (HALDONI) ! GREATER NOIDA,2023-03-10 15:11:52
862611064298996,OPPO A17 (4+64GB),Lake Blue,Computer Wizard ! GREATER NOIDA,2023-03-10 15:19:36
864397068152953,OPPO A57 (4+64GB),Glowing Black,Noor Communication ! GREATER NOIDA,2023-03-10 16:07:57
867443062949759,OPPO A77 (4+128GB),Sky Blue,BALAJI MOBILE & ELECTRONICS (DADRI) ! GREATER NOIDA,2023-03-10 16:18:11
867443062883214,OPPO A77 (4+128GB),Sky Blue,SHREE BALAJI COMMUNICATION (SURAJPUR) ! GREATER NOIDA,2023-03-10 16:58:53
862498068565731,OPPO A17 (4+64GB),Lake Blue,Sanjay Communication(Sec-93) ! GREATER NOIDA,2023-03-10 17:02:54
866194069362378,OPPO A78 5G (8+128GB),Glowing Blue,KANIKA COMMUNICATION (HABIBPUR) ! GREATER NOIDA,2023-03-10 17:35:21
866875060531835,OPPO F21s Pro 5G (8+128GB),Dawnlight Gold,Shyam Lal & Sons ! GREATER NOIDA,2023-03-10 17:56:39
866875065575415,OPPO F21s Pro 5G (8+128GB),Starlight Black,Shyam Lal & Sons ! GREATER NOIDA,2023-03-10 17:56:50
866194067396717,OPPO A78 5G (8+128GB),Glowing Blue,JAGDAMBA MOBILE HUB (JAGAT FARM) ! GREATER NOIDA,2023-03-10 17:57:38
863534060023698,OPPO F21s Pro (8+128GB),Dawnlight Gold,PRIYANKA MOBILE WORLD (HALDONI) ! GREATER NOIDA,2023-03-10 18:04:10
867443062885714,OPPO A77 (4+128GB),Sky Blue,SANCHAR BHAWAN (GREATER NOIDA) ! GREATER NOIDA,2023-03-10 18:34:03
864397067060850,OPPO A57 (4+64GB),Gold,Noor Communication ! GREATER NOIDA,2023-03-10 19:17:23
864397065448438,OPPO A57 (4+64GB),Glowing Black,SHRIB SAHIB JI MOBILE SOLUTION-2 ! GREATER NOIDA,2023-03-10 19:20:53
864397065636198,OPPO A57 (4+64GB),Glowing Green,SHRIB SAHIB JI MOBILE SOLUTION-2 ! GREATER NOIDA,2023-03-10 19:21:04
864397068157333,OPPO A57 (4+64GB),Glowing Black,Noor Communication ! GREATER NOIDA,2023-03-10 19:22:17
867426066085712,OPPO Reno8 T 5G (8+128GB),Midnight Black,Shyam Lal & Sons ! GREATER NOIDA,2023-03-10 19:29:58
866194068454093,OPPO A78 5G (8+128GB),Glowing Blue,AMBE SOFTWARE & HARDWARE REP CENTRE (DADRI) ! GREATER NOIDA,2023-03-10 19:39:08
864397065583457,OPPO A57 (4+64GB),Glowing Black,AMBE SOFTWARE & HARDWARE REP CENTRE (DADRI) ! GREATER NOIDA,2023-03-10 19:39:30
864463068448997,OPPO A77s (8+128GB),Sunset Orange,S N COMMUNICATION (HALDONI) ! GREATER NOIDA,2023-03-10 19:54:00
864397065636099,OPPO A57 (4+64GB),Glowing Green,Mobile World (noida) ! GREATER NOIDA,2023-03-10 20:10:40
867426065644394,OPPO Reno8 T 5G (8+128GB),Midnight Black,KRISHNA TELECOM (GN) ! GREATER NOIDA,2023-03-10 20:17:13
864904061295471,OPPO F21s Pro 5G (8+128GB),Starlight Black,Sanjay Communication(Sec-93) ! GREATER NOIDA,2023-03-10 20:23:22
860150065380372,OPPO A17K (3+64GB),Navy Blue,Noor Communication ! GREATER NOIDA,2023-03-10 20:26:47
860150062629557,OPPO A17K (3+64GB),Navy Blue,VISHAL MOBILE HOUSE ! GREATER NOIDA,2023-03-10 20:50:12
863534060542614,OPPO F21s Pro (8+128GB),Starlight Black,VISHAL MOBILE HOUSE ! GREATER NOIDA,2023-03-10 20:51:15
867443062886175,OPPO A77 (4+128GB),Sky Blue,VISHAL MOBILE HOUSE ! GREATER NOIDA,2023-03-10 20:51:47
866194068453517,OPPO A78 5G (8+128GB),Glowing Blue,SHREE BALAJI MOBILE CENTER (KASNA) ! GREATER NOIDA,2023-03-10 21:04:11
862498069382136,OPPO A17 (4+64GB),Midnight Black,SHREE BALAJI MOBILE CENTER (KASNA) ! GREATER NOIDA,2023-03-10 21:19:19
863581069667355,OPPO A57 (4+64GB),Gold,Dev Communication (AICHER) ! GREATER NOIDA,2023-03-10 21:21:46
864397062408559,OPPO A57 (4+64GB),Glowing Green,Dev Communication (AICHER) ! GREATER NOIDA,2023-03-10 21:21:46
867426066093559,OPPO Reno8 T 5G (8+128GB),Sunrise Gold,Keshav Mobile Point(Sec-32) ! GREATER NOIDA,2023-03-10 21:22:01
862498066098370,OPPO A17 (4+64GB),Lake Blue,M.R. COMMUNICATION (KASNA) ! GREATER NOIDA,2023-03-10 21:22:39
864397064937639,OPPO A57 (4+64GB),Glowing Green,MOBILE HOTSPOT ! GREATER NOIDA,2023-03-10 21:24:33
866102052646095,OPPO A55 (4+128GB),Rainbow Blue,S N COMMUNICATION (HALDONI) ! GREATER NOIDA,2023-03-10 21:26:22
862498067716855,OPPO A17 (4+64GB),Midnight Black,STAR TELECOM CENTER(GEJHA) ! GREATER NOIDA,2023-03-10 21:26:30
862498069389396,OPPO A17 (4+64GB),Midnight Black,Mobile World (noida) ! GREATER NOIDA,2023-03-10 21:30:59
864904061720676,OPPO F21s Pro 5G (8+128GB),Dawnlight Gold,Mobile World (noida) ! GREATER NOIDA,2023-03-10 21:30:59
867443062861996,OPPO A77 (4+128GB),Sky Blue,KANIKA COMMUNICATION (HABIBPUR) ! GREATER NOIDA,2023-03-10 21:52:49
864397062783118,OPPO A57 (4+64GB),Glowing Black,Balaji Traders/Greater Noida ! GREATER NOIDA,2023-03-10 22:07:06
864904061529234,OPPO F21s Pro 5G (8+128GB),Dawnlight Gold,Balaji Traders/Greater Noida ! GREATER NOIDA,2023-03-10 22:08:19
862498066125777,OPPO A17 (4+64GB),Lake Blue,VISHAL MOBILE HOUSE ! GREATER NOIDA,2023-03-10 22:09:23
867443062880335,OPPO A77 (4+128GB),Sky Blue,Balaji Traders/Greater Noida ! GREATER NOIDA,2023-03-10 22:10:13
864397065278157,OPPO A57 (4+64GB),Gold,S.M TRADER (KASNA) ! GREATER NOIDA,2023-03-10 22:29:14
862611061550530,OPPO A17 (4+64GB),Midnight Black,Noble Mobile Shope ! GREATER NOIDA,2023-03-10 22:35:33
866194069358319,OPPO A78 5G (8+128GB),Glowing Blue,Noble Mobile Shope ! GREATER NOIDA,2023-03-10 22:36:02
866194069804957,OPPO A78 5G (8+128GB),Glowing Black,Noble Mobile Shope ! GREATER NOIDA,2023-03-10 22:36:33
860109066601772,OPPO A17K (3+64GB),Navy Blue,BHOOMI MOBILE SOLUTION ! GREATER NOIDA,2023-03-10 22:47:02
862498069782731,OPPO A17 (4+64GB),Midnight Black,ISHU COMMUNICATION ! GREATER NOIDA,2023-03-10 22:47:21
862047068768215,OPPO A17 (4+64GB),Sunlight Orange,MOBILE SHINGAR (DADRI) ! GREATER NOIDA,2023-03-10 22:47:45
862611060417459,OPPO A17 (4+64GB),Midnight Black,SHIV TRADERS (SURAJPUR) ! GREATER NOIDA,2023-03-10 22:48:19
860150061903375,OPPO A17K (3+64GB),Blue,PRIYANKA MOBILE WORLD (HALDONI) ! GREATER NOIDA,2023-03-10 22:49:33
860150064710272,OPPO A17K (3+64GB),Blue,Anuska mobile center 2 ! GREATER NOIDA,2023-03-10 22:50:15
862611060879773,OPPO A17 (4+64GB),Sunlight Orange,Anuska mobile center 2 ! GREATER NOIDA,2023-03-10 22:50:30
864463068330872,OPPO A77s (8+128GB),Sunset Orange,Jai Ambey Communication ! GREATER NOIDA,2023-03-10 23:15:05
866102052243075,OPPO A55 (4+128GB),Starry Black,KASHISH COMMUNICATION ! GREATER NOIDA,2023-03-11 07:16:30
862498069822172,OPPO A17 (4+64GB),Midnight Black,KASHISH COMMUNICATION ! GREATER NOIDA,2023-03-11 07:16:53
862498067029630,OPPO A17 (4+64GB),Midnight Black,KASHISH COMMUNICATION ! GREATER NOIDA,2023-03-11 07:17:12
864397065279999,OPPO A57 (4+64GB),Gold,BALAJI MOBILE & ELECTRONICS (DADRI) ! GREATER NOIDA,2023-03-11 10:05:20
866102052414973,OPPO A55 (4+128GB),Starry Black,Noor Communication ! GREATER NOIDA,2023-03-11 10:20:11
862611060558534,OPPO A17 (4+64GB),Sunlight Orange,I Store ! GREATER NOIDA,2023-03-11 10:58:08
867443062248335,OPPO A77 (4+128GB),Sky Blue,V.K Mobile Point (HALDONI) ! GREATER NOIDA,2023-03-11 11:22:36
867443062248350,OPPO A77 (4+128GB),Sky Blue,S N COMMUNICATION (HALDONI) ! GREATER NOIDA,2023-03-11 11:51:45
862611064710412,OPPO A17 (4+64GB),Lake Blue,SHREE BALAJI COMMUNICATION (SURAJPUR) ! GREATER NOIDA,2023-03-11 12:33:03
864397060043713,OPPO A57 (4+64GB),Glowing Black,S N COMMUNICATION (HALDONI) ! GREATER NOIDA,2023-03-11 13:00:30
862611061367950,OPPO A17 (4+64GB),Lake Blue,KGAD MOBIWORLD ! GREATER NOIDA,2023-03-11 13:33:04
867426066094672,OPPO Reno8 T 5G (8+128GB),Sunrise Gold,KGAD MOBIWORLD ! GREATER NOIDA,2023-03-11 13:33:19
862498069371733,OPPO A17 (4+64GB),Midnight Black,SHIV SHAKTI ELECTRONICS ! GREATER NOIDA,2023-03-11 13:39:29
863534060338674,OPPO F21s Pro (8+128GB),Dawnlight Gold,POOJA COMMUNICATION (G.NOIDA) ! GREATER NOIDA,2023-03-11 13:42:42
867426066086413,OPPO Reno8 T 5G (8+128GB),Midnight Black,Jai Ambey Communication ! GREATER NOIDA,2023-03-11 13:44:08
864904060213392,OPPO F21s Pro 5G (8+128GB),Dawnlight Gold,Jai Ambey Communication ! GREATER NOIDA,2023-03-11 13:45:39
867426064654055,OPPO Reno8 T 5G (8+128GB),Sunrise Gold,Jai Ambey Communication ! GREATER NOIDA,2023-03-11 13:46:34
